timestamp,model_type,delegate_type,inference_time_ms,fps,cpu_usage_percent,memory_usage_mb,power_consumption_mw,exercise_type,repetition_count,frame_number
1772469800473,MoveNet Lightning (INT8),Level 2: CPU (XNNPACK),50,8.910892,100.0,178.10742,4.56859,SQUAT,0,1
1772469800581,MoveNet Lightning (INT8),Level 2: CPU (XNNPACK),59,8.910892,100.0,179.69336,4.56859,SQUAT,0,2
1772469800634,MoveNet Lightning (INT8),Level 2: CPU (XNNPACK),51,8.910892,100.0,179.69336,4.56859,SQUAT,0,3
1772469800769,MoveNet Lightning (INT8),Level 2: CPU (XNNPACK),47,10.721248,100.0,176.01172,4.491773,SQUAT,0,4
1772469800874,MoveNet Lightning (INT8),Level 2: CPU (XNNPACK),55,10.721248,100.0,177.53125,4.491773,SQUAT,0,5
1772469800972,MoveNet Lightning (INT8),Level 2: CPU (XNNPACK),53,10.721248,100.0,179.52344,3.832764,SQUAT,0,6
1772469801083,MoveNet Lightning (INT8),Level 2: CPU (XNNPACK),63,10.721248,100.0,181.48047,3.832764,SQUAT,0,7
1772469801184,MoveNet Lightning (INT8),Level 2: CPU (XNNPACK),52,10.721248,100.0,176.03125,3.662958,SQUAT,0,8
1772469801236,MoveNet Lightning (INT8),Level 2: CPU (XNNPACK),48,10.721248,100.0,176.03125,3.662958,SQUAT,0,9
1772469801347,MoveNet Lightning (INT8),Level 2: CPU (XNNPACK),52,10.721248,100.0,178.93262,3.662958,SQUAT,0,10
1772469801492,MoveNet Lightning (INT8),Level 2: CPU (XNNPACK),54,10.721248,100.0,183.78027,4.532203,SQUAT,0,11
1772469801674,MoveNet Lightning (INT8),Level 2: CPU (XNNPACK),128,10.721248,100.0,184.5459,4.532203,SQUAT,0,12
1772469801784,MoveNet Lightning (INT8),Level 2: CPU (XNNPACK),50,8.991009,100.0,186.0459,4.140032,SQUAT,0,13
1772469801911,MoveNet Lightning (INT8),Level 2: CPU (XNNPACK),50,8.991009,100.0,185.38184,4.140032,SQUAT,0,14
1772469802014,MoveNet Lightning (INT8),Level 2: CPU (XNNPACK),51,8.991009,100.0,186.99902,4.014699,SQUAT,0,15
1772469802111,MoveNet Lightning (INT8),Level 2: CPU (XNNPACK),50,8.991009,100.0,188.40137,4.014699,SQUAT,0,16
1772469802165,MoveNet Lightning (INT8),Level 2: CPU (XNNPACK),50,8.991009,100.0,188.40137,4.014699,SQUAT,0,17
1772469802267,MoveNet Lightning (INT8),Level 2: CPU (XNNPACK),52,8.991009,100.0,181.28809,5.057793,SQUAT,0,18
1772469802371,MoveNet Lightning (INT8),Level 2: CPU (XNNPACK),54,8.991009,100.0,182.4209,5.057793,SQUAT,0,19
1772469802422,MoveNet Lightning (INT8),Level 2: CPU (XNNPACK),48,8.991009,100.0,182.4209,5.057793,SQUAT,0,20
1772469802528,MoveNet Lightning (INT8),Level 2: CPU (XNNPACK),50,8.991009,100.0,185.09277,3.84085,SQUAT,0,21
1772469802622,MoveNet Lightning (INT8),Level 2: CPU (XNNPACK),47,8.991009,100.0,186.42871,3.84085,SQUAT,0,22
1772469802675,MoveNet Lightning (INT8),Level 2: CPU (XNNPACK),50,8.991009,100.0,186.42871,3.84085,SQUAT,0,23
1772469802804,MoveNet Lightning (INT8),Level 2: CPU (XNNPACK),71,10.7421875,100.0,178.9043,4.334096,SQUAT,0,24
1772469802912,MoveNet Lightning (INT8),Level 2: CPU (XNNPACK),56,10.7421875,100.0,182.5957,4.334096,SQUAT,0,25
1772469803040,MoveNet Lightning (INT8),Level 2: CPU (XNNPACK),81,10.7421875,100.0,183.9707,4.265365,SQUAT,0,26
1772469803153,MoveNet Lightning (INT8),Level 2: CPU (XNNPACK),60,10.7421875,100.0,189.71191,4.265365,SQUAT,0,27
1772469803273,MoveNet Lightning (INT8),Level 2: CPU (XNNPACK),62,10.7421875,100.0,193.31348,5.086094,SQUAT,0,28
1772469803398,MoveNet Lightning (INT8),Level 2: CPU (XNNPACK),67,10.7421875,100.0,193.99707,5.086094,SQUAT,0,29
1772469803548,MoveNet Lightning (INT8),Level 2: CPU (XNNPACK),63,10.7421875,100.0,196.90332,4.584762,SQUAT,0,30
1772469803680,MoveNet Lightning (INT8),Level 2: CPU (XNNPACK),74,10.7421875,100.0,188.84277,4.584762,SQUAT,0,31
1772469803792,MoveNet Lightning (INT8),Level 2: CPU (XNNPACK),59,10.7421875,100.0,189.9082,4.592848,SQUAT,0,32
1772469803902,MoveNet Lightning (INT8),Level 2: CPU (XNNPACK),50,8.2116785,100.0,191.69336,4.592848,SQUAT,0,33
1772469804016,MoveNet Lightning (INT8),Level 2: CPU (XNNPACK),61,8.2116785,100.0,193.15039,5.409534,SQUAT,0,34
1772469804127,MoveNet Lightning (INT8),Level 2: CPU (XNNPACK),55,8.2116785,100.0,194.54883,5.409534,SQUAT,0,35
1772469804243,MoveNet Lightning (INT8),Level 2: CPU (XNNPACK),61,8.2116785,100.0,196.22461,4.661579,SQUAT,0,36
1772469804359,MoveNet Lightning (INT8),Level 2: CPU (XNNPACK),55,8.2116785,100.0,189.42676,4.661579,SQUAT,0,37
1772469804457,MoveNet Lightning (INT8),Level 2: CPU (XNNPACK),50,8.2116785,100.0,190.80566,4.374526,SQUAT,0,38
1772469804558,MoveNet Lightning (INT8),Level 2: CPU (XNNPACK),50,8.2116785,100.0,192.19629,4.374526,SQUAT,0,39
1772469804658,MoveNet Lightning (INT8),Level 2: CPU (XNNPACK),51,8.2116785,100.0,193.94727,4.374526,SQUAT,0,40
1772469804779,MoveNet Lightning (INT8),Level 2: CPU (XNNPACK),58,8.2116785,100.0,194.86914,4.738396,SQUAT,0,41
1772469804940,MoveNet Lightning (INT8),Level 2: CPU (XNNPACK),94,8.754864,100.0,185.70898,4.051086,SQUAT,0,42
1772469805066,MoveNet Lightning (INT8),Level 2: CPU (XNNPACK),62,8.754864,100.0,189.3418,4.051086,SQUAT,0,43
1772469805229,MoveNet Lightning (INT8),Level 2: CPU (XNNPACK),77,8.754864,100.0,195.06055,4.827342,SQUAT,0,44
1772469805388,MoveNet Lightning (INT8),Level 2: CPU (XNNPACK),86,8.754864,100.0,196.43457,4.827342,SQUAT,0,45
1772469805534,MoveNet Lightning (INT8),Level 2: CPU (XNNPACK),81,8.754864,100.0,197.94238,4.289623,SQUAT,0,46
1772469805687,MoveNet Lightning (INT8),Level 2: CPU (XNNPACK),79,8.754864,100.0,201.41895,4.087473,SQUAT,0,47
1772469805854,MoveNet Lightning (INT8),Level 2: CPU (XNNPACK),120,8.754864,100.0,194.62988,4.087473,SQUAT,0,48
1772469805955,MoveNet Lightning (INT8),Level 2: CPU (XNNPACK),54,6.756757,100.0,195.80957,4.669665,SQUAT,0,49
1772469806010,MoveNet Lightning (INT8),Level 2: CPU (XNNPACK),52,6.756757,100.0,195.80957,4.669665,SQUAT,0,50
1772469806121,MoveNet Lightning (INT8),Level 2: CPU (XNNPACK),59,6.756757,100.0,198.8877,4.669665,SQUAT,0,51
1772469806173,MoveNet Lightning (INT8),Level 2: CPU (XNNPACK),49,6.756757,100.0,198.8877,4.669665,SQUAT,0,52
1772469806307,MoveNet Lightning (INT8),Level 2: CPU (XNNPACK),71,6.756757,100.0,191.65332,4.253236,SQUAT,0,53
1772469806418,MoveNet Lightning (INT8),Level 2: CPU (XNNPACK),60,6.756757,100.0,195.47363,4.253236,SQUAT,0,54
1772469806519,MoveNet Lightning (INT8),Level 2: CPU (XNNPACK),50,6.756757,100.0,196.87988,4.604977,SQUAT,0,55
1772469806636,MoveNet Lightning (INT8),Level 2: CPU (XNNPACK),52,6.756757,100.0,199.01465,4.604977,SQUAT,0,56
1772469806737,MoveNet Lightning (INT8),Level 2: CPU (XNNPACK),50,6.756757,100.0,200.35645,4.774783,SQUAT,0,57
1772469806849,MoveNet Lightning (INT8),Level 2: CPU (XNNPACK),52,6.756757,100.0,201.94629,4.774783,SQUAT,0,58
1772469806945,MoveNet Lightning (INT8),Level 2: CPU (XNNPACK),48,6.756757,100.0,195.25488,4.28558,SQUAT,0,59
1772469807053,MoveNet Lightning (INT8),Level 2: CPU (XNNPACK),61,10.018215,100.0,196.67285,4.28558,SQUAT,0,60
1772469807161,MoveNet Lightning (INT8),Level 2: CPU (XNNPACK),50,10.018215,100.0,198.04004,4.28558,SQUAT,0,61
1772469807255,MoveNet Lightning (INT8),Level 2: CPU (XNNPACK),48,10.018215,100.0,199.52051,3.509324,SQUAT,0,62
1772469807404,MoveNet Lightning (INT8),Level 2: CPU (XNNPACK),59,10.018215,100.0,204.98926,3.509324,SQUAT,0,63
1772469807507,MoveNet Lightning (INT8),Level 2: CPU (XNNPACK),52,10.018215,100.0,195.61035,4.374526,SQUAT,0,64
1772469807649,MoveNet Lightning (INT8),Level 2: CPU (XNNPACK),54,10.018215,100.0,197.0166,4.374526,SQUAT,0,65
1772469807765,MoveNet Lightning (INT8),Level 2: CPU (XNNPACK),55,10.018215,100.0,198.40723,4.572633,SQUAT,0,66
1772469807905,MoveNet Lightning (INT8),Level 2: CPU (XNNPACK),83,10.018215,100.0,199.8291,4.572633,SQUAT,0,67
1772469808033,MoveNet Lightning (INT8),Level 2: CPU (XNNPACK),74,10.018215,100.0,201.24707,4.613063,SQUAT,0,68
1772469808192,MoveNet Lightning (INT8),Level 2: CPU (XNNPACK),62,8.1081085,100.0,204.34863,4.613063,SQUAT,0,69
1772469808343,MoveNet Lightning (INT8),Level 2: CPU (XNNPACK),71,8.1081085,100.0,196.11816,4.463472,SQUAT,0,70
1772469808450,MoveNet Lightning (INT8),Level 2: CPU (XNNPACK),54,8.1081085,100.0,197.59473,5.866393,SQUAT,0,71
1772469808560,MoveNet Lightning (INT8),Level 2: CPU (XNNPACK),56,8.1081085,100.0,199.0791,5.866393,SQUAT,0,72
1772469808666,MoveNet Lightning (INT8),Level 2: CPU (XNNPACK),52,8.1081085,100.0,200.48145,5.866393,SQUAT,0,73
1772469808786,MoveNet Lightning (INT8),Level 2: CPU (XNNPACK),65,8.1081085,100.0,202.1416,4.871815,SQUAT,0,74
1772469808894,MoveNet Lightning (INT8),Level 2: CPU (XNNPACK),53,8.1081085,100.0,195.58301,4.871815,SQUAT,0,75
1772469808999,MoveNet Lightning (INT8),Level 2: CPU (XNNPACK),54,8.1081085,100.0,196.98145,4.697966,SQUAT,0,76
1772469809108,MoveNet Lightning (INT8),Level 2: CPU (XNNPACK),51,8.1081085,100.0,198.44238,4.697966,SQUAT,0,77
1772469809214,MoveNet Lightning (INT8),Level 2: CPU (XNNPACK),52,8.61244,100.0,199.86816,4.621149,SQUAT,0,78
1772469809365,MoveNet Lightning (INT8),Level 2: CPU (XNNPACK),81,8.61244,100.0,197.58301,4.621149,SQUAT,0,79
1772469809469,MoveNet Lightning (INT8),Level 2: CPU (XNNPACK),56,8.61244,100.0,195.61426,4.592848,SQUAT,0,80
1772469809581,MoveNet Lightning (INT8),Level 2: CPU (XNNPACK),62,8.61244,100.0,197.00488,4.592848,SQUAT,0,81
1772469809693,MoveNet Lightning (INT8),Level 2: CPU (XNNPACK),63,8.61244,100.0,198.43066,5.409534,SQUAT,0,82
1772469809801,MoveNet Lightning (INT8),Level 2: CPU (XNNPACK),62,8.61244,100.0,199.85254,5.409534,SQUAT,0,83
1772469809851,MoveNet Lightning (INT8),Level 2: CPU (XNNPACK),47,8.61244,100.0,199.85254,5.409534,SQUAT,0,84
1772469809958,MoveNet Lightning (INT8),Level 2: CPU (XNNPACK),57,8.61244,100.0,192.3877,4.330053,SQUAT,0,85
1772469810061,MoveNet Lightning (INT8),Level 2: CPU (XNNPACK),54,8.61244,100.0,195.93848,4.330053,SQUAT,0,86
1772469810181,MoveNet Lightning (INT8),Level 2: CPU (XNNPACK),65,8.61244,100.0,197.33691,4.964804,SQUAT,0,87
1772469810293,MoveNet Lightning (INT8),Level 2: CPU (XNNPACK),55,9.302325,100.0,198.69238,4.964804,SQUAT,0,88
1772469810394,MoveNet Lightning (INT8),Level 2: CPU (XNNPACK),53,9.302325,100.0,200.1416,4.964804,SQUAT,0,89
1772469810512,MoveNet Lightning (INT8),Level 2: CPU (XNNPACK),54,9.302325,100.0,201.7334,4.710095,SQUAT,0,90
1772469810630,MoveNet Lightning (INT8),Level 2: CPU (XNNPACK),50,9.302325,100.0,195.41504,4.710095,SQUAT,0,91
1772469810739,MoveNet Lightning (INT8),Level 2: CPU (XNNPACK),60,9.302325,100.0,196.71973,5.005234,SQUAT,0,92
1772469810841,MoveNet Lightning (INT8),Level 2: CPU (XNNPACK),51,9.302325,100.0,198.1377,5.005234,SQUAT,0,93
1772469810896,MoveNet Lightning (INT8),Level 2: CPU (XNNPACK),50,9.302325,100.0,198.1377,5.005234,SQUAT,0,94
1772469811059,MoveNet Lightning (INT8),Level 2: CPU (XNNPACK),59,9.302325,100.0,201.16211,5.583383,SQUAT,0,95
1772469811187,MoveNet Lightning (INT8),Level 2: CPU (XNNPACK),57,9.302325,100.0,195.58594,6.088758,SQUAT,0,96
1772469811301,MoveNet Lightning (INT8),Level 2: CPU (XNNPACK),58,8.902077,100.0,197.15918,6.088758,SQUAT,0,97
1772469811421,MoveNet Lightning (INT8),Level 2: CPU (XNNPACK),53,8.902077,100.0,198.6211,6.088758,SQUAT,0,98
1772469811551,MoveNet Lightning (INT8),Level 2: CPU (XNNPACK),69,8.902077,100.0,200.07812,5.449964,SQUAT,0,99
1772469811693,MoveNet Lightning (INT8),Level 2: CPU (XNNPACK),69,8.902077,100.0,201.78125,4.778826,SQUAT,0,100
1772469811810,MoveNet Lightning (INT8),Level 2: CPU (XNNPACK),57,8.902077,100.0,195.96094,4.778826,SQUAT,0,101
1772469811917,MoveNet Lightning (INT8),Level 2: CPU (XNNPACK),52,8.902077,100.0,197.39844,4.778826,SQUAT,0,102
1772469812022,MoveNet Lightning (INT8),Level 2: CPU (XNNPACK),50,8.902077,100.0,198.82812,5.223556,SQUAT,0,103
1772469812131,MoveNet Lightning (INT8),Level 2: CPU (XNNPACK),50,8.902077,100.0,200.17188,5.223556,SQUAT,0,104
1772469812270,MoveNet Lightning (INT8),Level 2: CPU (XNNPACK),82,8.902077,100.0,192.88672,5.466136,SQUAT,0,105
1772469812375,MoveNet Lightning (INT8),Level 2: CPU (XNNPACK),53,8.356546,100.0,195.65234,5.466136,SQUAT,0,106
1772469812494,MoveNet Lightning (INT8),Level 2: CPU (XNNPACK),64,8.356546,100.0,197.13672,4.819256,SQUAT,0,107
1772469812603,MoveNet Lightning (INT8),Level 2: CPU (XNNPACK),54,8.356546,100.0,198.59766,4.819256,SQUAT,0,108
1772469812722,MoveNet Lightning (INT8),Level 2: CPU (XNNPACK),61,8.356546,100.0,200.09766,5.276115,SQUAT,0,109
1772469812835,MoveNet Lightning (INT8),Level 2: CPU (XNNPACK),52,8.356546,100.0,201.72559,5.276115,SQUAT,0,110
1772469812948,MoveNet Lightning (INT8),Level 2: CPU (XNNPACK),62,8.356546,100.0,195.78027,3.764033,SQUAT,0,111
1772469813156,MoveNet Lightning (INT8),Level 2: CPU (XNNPACK),137,8.356546,100.0,197.24512,3.764033,SQUAT,0,112
1772469813403,MoveNet Lightning (INT8),Level 2: CPU (XNNPACK),160,8.356546,100.0,198.78809,5.433792,SQUAT,0,113
1772469813564,MoveNet Lightning (INT8),Level 2: CPU (XNNPACK),104,6.751055,100.0,200.27637,4.483687,SQUAT,0,114
1772469813817,MoveNet Lightning (INT8),Level 2: CPU (XNNPACK),137,6.751055,100.0,201.76074,5.45805,SQUAT,0,115
1772469814097,MoveNet Lightning (INT8),Level 2: CPU (XNNPACK),214,6.751055,100.0,195.66309,4.382612,SQUAT,0,116
1772469814225,MoveNet Lightning (INT8),Level 2: CPU (XNNPACK),72,6.751055,100.0,196.81543,4.592848,SQUAT,0,117
1772469814330,MoveNet Lightning (INT8),Level 2: CPU (XNNPACK),51,6.751055,100.0,198.20996,4.592848,SQUAT,0,118
1772469814449,MoveNet Lightning (INT8),Level 2: CPU (XNNPACK),55,6.751055,100.0,199.71777,4.600934,SQUAT,0,119
1772469814562,MoveNet Lightning (INT8),Level 2: CPU (XNNPACK),59,6.751055,100.0,201.17871,4.600934,SQUAT,0,120
1772469814677,MoveNet Lightning (INT8),Level 2: CPU (XNNPACK),58,6.30063,100.0,202.74121,4.600934,SQUAT,0,121
1772469814787,MoveNet Lightning (INT8),Level 2: CPU (XNNPACK),52,6.30063,100.0,196.50293,5.033535,SQUAT,0,122
1772469814892,MoveNet Lightning (INT8),Level 2: CPU (XNNPACK),52,6.30063,100.0,197.95605,5.033535,SQUAT,0,123
1772469815000,MoveNet Lightning (INT8),Level 2: CPU (XNNPACK),51,6.30063,100.0,199.44824,4.722224,SQUAT,0,124
1772469815103,MoveNet Lightning (INT8),Level 2: CPU (XNNPACK),50,6.30063,100.0,200.8623,4.722224,SQUAT,0,125
1772469815223,MoveNet Lightning (INT8),Level 2: CPU (XNNPACK),65,6.30063,100.0,202.37012,5.627856,SQUAT,0,126
1772469815327,MoveNet Lightning (INT8),Level 2: CPU (XNNPACK),52,6.30063,100.0,203.7373,5.627856,SQUAT,0,127
1772469815449,MoveNet Lightning (INT8),Level 2: CPU (XNNPACK),60,6.30063,100.0,205.47559,5.474222,SQUAT,0,128
1772469815554,MoveNet Lightning (INT8),Level 2: CPU (XNNPACK),56,6.30063,100.0,196.56543,5.474222,SQUAT,0,129
1772469815665,MoveNet Lightning (INT8),Level 2: CPU (XNNPACK),56,6.30063,100.0,197.90137,5.474222,SQUAT,0,130
1772469815804,MoveNet Lightning (INT8),Level 2: CPU (XNNPACK),88,8.826125,100.0,199.41309,5.502523,SQUAT,0,131
1772469815925,MoveNet Lightning (INT8),Level 2: CPU (XNNPACK),68,8.826125,100.0,200.87012,4.641364,SQUAT,0,132
1772469816052,MoveNet Lightning (INT8),Level 2: CPU (XNNPACK),53,8.826125,100.0,202.45605,4.641364,SQUAT,0,133
1772469816166,MoveNet Lightning (INT8),Level 2: CPU (XNNPACK),61,8.826125,100.0,196.81934,4.641364,SQUAT,0,134
1772469816279,MoveNet Lightning (INT8),Level 2: CPU (XNNPACK),56,8.826125,100.0,198.19824,4.063215,SQUAT,0,135
1772469816404,MoveNet Lightning (INT8),Level 2: CPU (XNNPACK),65,8.826125,100.0,200.53418,4.063215,SQUAT,0,136
1772469816536,MoveNet Lightning (INT8),Level 2: CPU (XNNPACK),71,8.826125,100.0,201.81543,4.592848,SQUAT,0,137
1772469816669,MoveNet Lightning (INT8),Level 2: CPU (XNNPACK),82,8.826125,100.0,192.83887,4.592848,SQUAT,0,138
1772469816782,MoveNet Lightning (INT8),Level 2: CPU (XNNPACK),59,8.826125,100.0,196.27246,4.414956,SQUAT,0,139
1772469816897,MoveNet Lightning (INT8),Level 2: CPU (XNNPACK),61,8.241758,100.0,197.74512,4.414956,SQUAT,0,140
1772469817012,MoveNet Lightning (INT8),Level 2: CPU (XNNPACK),59,8.241758,100.0,199.20215,4.584762,SQUAT,0,141
1772469817118,MoveNet Lightning (INT8),Level 2: CPU (XNNPACK),53,8.241758,100.0,200.62402,4.584762,SQUAT,0,142
1772469817232,MoveNet Lightning (INT8),Level 2: CPU (XNNPACK),53,8.241758,100.0,202.26465,4.196634,SQUAT,0,143
1772469817340,MoveNet Lightning (INT8),Level 2: CPU (XNNPACK),54,8.241758,100.0,196.26855,4.196634,SQUAT,0,144
1772469817451,MoveNet Lightning (INT8),Level 2: CPU (XNNPACK),59,8.241758,100.0,197.55762,4.346225,SQUAT,0,145
1772469817557,MoveNet Lightning (INT8),Level 2: CPU (XNNPACK),52,8.241758,100.0,199.07715,4.346225,SQUAT,0,146
1772469817664,MoveNet Lightning (INT8),Level 2: CPU (XNNPACK),55,8.241758,100.0,200.47168,4.346225,SQUAT,0,147
1772469817771,MoveNet Lightning (INT8),Level 2: CPU (XNNPACK),57,8.241758,100.0,202.00293,4.168333,SQUAT,0,148
1772469817905,MoveNet Lightning (INT8),Level 2: CPU (XNNPACK),80,8.937438,100.0,195.76074,4.168333,SQUAT,0,149
1772469818012,MoveNet Lightning (INT8),Level 2: CPU (XNNPACK),54,8.937438,100.0,196.9248,4.734353,SQUAT,0,150
1772469818113,MoveNet Lightning (INT8),Level 2: CPU (XNNPACK),50,8.937438,100.0,198.31934,4.734353,SQUAT,0,151
1772469818220,MoveNet Lightning (INT8),Level 2: CPU (XNNPACK),51,8.937438,100.0,200.08105,4.56859,SQUAT,0,152
1772469818324,MoveNet Lightning (INT8),Level 2: CPU (XNNPACK),57,8.937438,100.0,201.21387,4.56859,SQUAT,0,153
1772469818447,MoveNet Lightning (INT8),Level 2: CPU (XNNPACK),73,8.937438,100.0,192.82324,5.05375,SQUAT,0,154
1772469818556,MoveNet Lightning (INT8),Level 2: CPU (XNNPACK),54,8.937438,100.0,196.24902,5.05375,SQUAT,0,155
1772469818663,MoveNet Lightning (INT8),Level 2: CPU (XNNPACK),60,8.937438,100.0,197.65527,5.05375,SQUAT,0,156
1772469818774,MoveNet Lightning (INT8),Level 2: CPU (XNNPACK),58,8.937438,100.0,199.62402,3.51741,SQUAT,0,157
1772469818880,MoveNet Lightning (INT8),Level 2: CPU (XNNPACK),55,8.937438,100.0,201.01074,3.51741,SQUAT,0,158
1772469818991,MoveNet Lightning (INT8),Level 2: CPU (XNNPACK),50,9.259259,100.0,202.63965,4.540289,SQUAT,0,159
1772469819102,MoveNet Lightning (INT8),Level 2: CPU (XNNPACK),60,9.259259,100.0,196.7373,4.540289,SQUAT,0,160
1772469819209,MoveNet Lightning (INT8),Level 2: CPU (XNNPACK),54,9.259259,100.0,198.14355,4.16429,SQUAT,0,161
1772469819315,MoveNet Lightning (INT8),Level 2: CPU (XNNPACK),52,9.259259,100.0,199.56543,4.16429,SQUAT,0,162
1772469819431,MoveNet Lightning (INT8),Level 2: CPU (XNNPACK),64,9.259259,100.0,200.9834,4.629235,SQUAT,0,163
1772469819531,MoveNet Lightning (INT8),Level 2: CPU (XNNPACK),52,9.259259,100.0,202.38965,4.629235,SQUAT,0,164
1772469819673,MoveNet Lightning (INT8),Level 2: CPU (XNNPACK),92,9.259259,100.0,196.44434,3.832764,SQUAT,0,165
1772469819778,MoveNet Lightning (INT8),Level 2: CPU (XNNPACK),55,9.259259,100.0,197.68652,3.832764,SQUAT,0,166
1772469819884,MoveNet Lightning (INT8),Level 2: CPU (XNNPACK),54,9.259259,100.0,199.06543,3.832764,SQUAT,0,167
1772469819994,MoveNet Lightning (INT8),Level 2: CPU (XNNPACK),60,8.884501,100.0,200.45996,3.954054,SQUAT,0,168
1772469820099,MoveNet Lightning (INT8),Level 2: CPU (XNNPACK),52,8.884501,100.0,201.85059,3.954054,SQUAT,0,169
1772469820204,MoveNet Lightning (INT8),Level 2: CPU (XNNPACK),49,8.884501,100.0,203.24121,3.982355,SQUAT,0,170
1772469820315,MoveNet Lightning (INT8),Level 2: CPU (XNNPACK),62,8.884501,100.0,194.94043,3.982355,SQUAT,0,171
1772469820418,MoveNet Lightning (INT8),Level 2: CPU (XNNPACK),51,8.884501,100.0,197.53418,3.933839,SQUAT,0,172
1772469820521,MoveNet Lightning (INT8),Level 2: CPU (XNNPACK),51,8.884501,100.0,198.97949,3.933839,SQUAT,0,173
1772469820623,MoveNet Lightning (INT8),Level 2: CPU (XNNPACK),51,8.884501,100.0,200.36621,3.933839,SQUAT,0,174
1772469820727,MoveNet Lightning (INT8),Level 2: CPU (XNNPACK),52,8.884501,100.0,201.71777,4.451343,SQUAT,0,175
1772469820840,MoveNet Lightning (INT8),Level 2: CPU (XNNPACK),61,8.884501,100.0,203.14355,4.451343,SQUAT,0,176
1772469820964,MoveNet Lightning (INT8),Level 2: CPU (XNNPACK),74,8.884501,100.0,197.76465,4.997148,SQUAT,0,177
1772469821070,MoveNet Lightning (INT8),Level 2: CPU (XNNPACK),54,9.29368,100.0,197.69434,4.997148,SQUAT,0,178
1772469821181,MoveNet Lightning (INT8),Level 2: CPU (XNNPACK),61,9.29368,100.0,199.10059,3.905538,SQUAT,0,179
1772469821288,MoveNet Lightning (INT8),Level 2: CPU (XNNPACK),60,9.29368,100.0,200.49512,3.905538,SQUAT,0,180
1772469821392,MoveNet Lightning (INT8),Level 2: CPU (XNNPACK),52,9.29368,100.0,201.89746,3.905538,SQUAT,0,181
1772469821504,MoveNet Lightning (INT8),Level 2: CPU (XNNPACK),56,9.29368,100.0,203.51074,4.685837,SQUAT,0,182
1772469821612,MoveNet Lightning (INT8),Level 2: CPU (XNNPACK),51,9.29368,100.0,196.9873,4.685837,SQUAT,0,183
1772469821737,MoveNet Lightning (INT8),Level 2: CPU (XNNPACK),75,9.29368,100.0,198.39746,5.154825,SQUAT,0,184
1772469821846,MoveNet Lightning (INT8),Level 2: CPU (XNNPACK),55,9.29368,100.0,199.83105,5.154825,SQUAT,0,185
1772469821955,MoveNet Lightning (INT8),Level 2: CPU (XNNPACK),61,9.29368,100.0,201.26074,4.956718,SQUAT,0,186
1772469822064,MoveNet Lightning (INT8),Level 2: CPU (XNNPACK),57,9.29368,100.0,202.68262,4.956718,SQUAT,0,187
1772469822193,MoveNet Lightning (INT8),Level 2: CPU (XNNPACK),63,9.041592,100.0,204.36621,5.728931,SQUAT,0,188
1772469822318,MoveNet Lightning (INT8),Level 2: CPU (XNNPACK),55,9.041592,100.0,196.97168,5.728931,SQUAT,0,189
1772469822475,MoveNet Lightning (INT8),Level 2: CPU (XNNPACK),74,9.041592,100.0,198.54199,5.263986,SQUAT,0,190
1772469822605,MoveNet Lightning (INT8),Level 2: CPU (XNNPACK),60,9.041592,100.0,199.9248,5.263986,SQUAT,0,191
1772469822717,MoveNet Lightning (INT8),Level 2: CPU (XNNPACK),59,9.041592,100.0,201.45215,5.183126,SQUAT,0,192
1772469822840,MoveNet Lightning (INT8),Level 2: CPU (XNNPACK),72,9.041592,100.0,193.47754,5.183126,SQUAT,0,193
1772469822946,MoveNet Lightning (INT8),Level 2: CPU (XNNPACK),55,9.041592,100.0,197.1875,4.904159,SQUAT,0,194
1772469823064,MoveNet Lightning (INT8),Level 2: CPU (XNNPACK),58,9.041592,100.0,198.5166,4.904159,SQUAT,0,195
1772469823177,MoveNet Lightning (INT8),Level 2: CPU (XNNPACK),55,9.041592,100.0,199.97754,4.321967,SQUAT,0,196
1772469823286,MoveNet Lightning (INT8),Level 2: CPU (XNNPACK),54,8.144796,100.0,201.37207,4.321967,SQUAT,0,197
1772469823454,MoveNet Lightning (INT8),Level 2: CPU (XNNPACK),105,8.144796,100.0,195.03223,6.137274,SQUAT,0,198
1772469823588,MoveNet Lightning (INT8),Level 2: CPU (XNNPACK),54,8.144796,100.0,197.06738,6.137274,SQUAT,0,199
1772469823722,MoveNet Lightning (INT8),Level 2: CPU (XNNPACK),53,8.144796,100.0,198.59082,4.20472,SQUAT,0,200
1772469823906,MoveNet Lightning (INT8),Level 2: CPU (XNNPACK),110,8.144796,100.0,200.11426,4.20472,SQUAT,0,201
1772469824083,MoveNet Lightning (INT8),Level 2: CPU (XNNPACK),83,8.144796,100.0,201.60254,4.253236,SQUAT,0,202
1772469824259,MoveNet Lightning (INT8),Level 2: CPU (XNNPACK),75,8.144796,100.0,203.23145,4.455386,SQUAT,0,203
1772469824480,MoveNet Lightning (INT8),Level 2: CPU (XNNPACK),141,5.9777966,100.0,197.44629,4.774783,SQUAT,0,204
1772469824687,MoveNet Lightning (INT8),Level 2: CPU (XNNPACK),113,5.9777966,100.0,198.89941,3.861065,SQUAT,0,205
1772469824839,MoveNet Lightning (INT8),Level 2: CPU (XNNPACK),104,5.9777966,100.0,200.35645,3.861065,SQUAT,0,206
1772469824941,MoveNet Lightning (INT8),Level 2: CPU (XNNPACK),52,5.9777966,100.0,201.7002,4.920331,SQUAT,0,207
1772469825066,MoveNet Lightning (INT8),Level 2: CPU (XNNPACK),63,5.9777966,100.0,206.62207,4.920331,SQUAT,0,208
1772469825182,MoveNet Lightning (INT8),Level 2: CPU (XNNPACK),59,5.9777966,100.0,197.46191,4.107688,SQUAT,0,209
1772469825283,MoveNet Lightning (INT8),Level 2: CPU (XNNPACK),52,5.9777966,100.0,198.87988,4.107688,SQUAT,0,210
1772469825392,MoveNet Lightning (INT8),Level 2: CPU (XNNPACK),56,5.9777966,100.0,200.30566,4.107688,SQUAT,0,211
1772469825498,MoveNet Lightning (INT8),Level 2: CPU (XNNPACK),54,7.670182,100.0,201.74316,4.32601,SQUAT,0,212
1772469825627,MoveNet Lightning (INT8),Level 2: CPU (XNNPACK),72,7.670182,100.0,195.23926,4.32601,SQUAT,0,213
1772469825747,MoveNet Lightning (INT8),Level 2: CPU (XNNPACK),67,7.670182,100.0,197.85645,5.102266,SQUAT,0,214
1772469825853,MoveNet Lightning (INT8),Level 2: CPU (XNNPACK),55,7.670182,100.0,199.19238,5.102266,SQUAT,0,215
1772469825964,MoveNet Lightning (INT8),Level 2: CPU (XNNPACK),58,7.670182,100.0,200.7002,4.455386,SQUAT,0,216
1772469826077,MoveNet Lightning (INT8),Level 2: CPU (XNNPACK),59,7.670182,100.0,202.12207,4.455386,SQUAT,0,217
1772469826197,MoveNet Lightning (INT8),Level 2: CPU (XNNPACK),52,7.670182,100.0,203.59473,4.758611,SQUAT,0,218
1772469826315,MoveNet Lightning (INT8),Level 2: CPU (XNNPACK),65,7.670182,100.0,196.92676,4.758611,SQUAT,0,219
1772469826424,MoveNet Lightning (INT8),Level 2: CPU (XNNPACK),52,7.670182,100.0,198.19629,4.516031,SQUAT,0,220
1772469826529,MoveNet Lightning (INT8),Level 2: CPU (XNNPACK),54,8.72093,100.0,199.66113,4.516031,SQUAT,0,221
1772469826641,MoveNet Lightning (INT8),Level 2: CPU (XNNPACK),57,8.72093,100.0,201.13379,4.516031,SQUAT,0,222
1772469826745,MoveNet Lightning (INT8),Level 2: CPU (XNNPACK),51,8.72093,100.0,202.46973,4.144075,SQUAT,0,223
1772469826852,MoveNet Lightning (INT8),Level 2: CPU (XNNPACK),59,8.72093,100.0,204.00098,4.144075,SQUAT,0,224
1772469826960,MoveNet Lightning (INT8),Level 2: CPU (XNNPACK),58,8.72093,100.0,209.85254,5.37719,SQUAT,0,225
1772469827066,MoveNet Lightning (INT8),Level 2: CPU (XNNPACK),56,8.72093,100.0,197.36816,5.37719,SQUAT,0,226
1772469827176,MoveNet Lightning (INT8),Level 2: CPU (XNNPACK),54,8.72093,100.0,198.81348,4.224935,SQUAT,0,227
1772469827283,MoveNet Lightning (INT8),Level 2: CPU (XNNPACK),52,8.72093,100.0,200.19629,4.224935,SQUAT,0,228
1772469827413,MoveNet Lightning (INT8),Level 2: CPU (XNNPACK),76,8.72093,100.0,201.71191,5.037578,SQUAT,0,229
1772469827537,MoveNet Lightning (INT8),Level 2: CPU (XNNPACK),51,8.72093,100.0,203.27441,5.037578,SQUAT,0,230
1772469827733,MoveNet Lightning (INT8),Level 2: CPU (XNNPACK),62,8.912656,100.0,197.36816,4.685837,SQUAT,0,231
1772469827923,MoveNet Lightning (INT8),Level 2: CPU (XNNPACK),125,8.912656,100.0,199.69238,5.037578,SQUAT,0,232
1772469828056,MoveNet Lightning (INT8),Level 2: CPU (XNNPACK),71,8.912656,100.0,201.11719,5.037578,SQUAT,0,233
1772469828225,MoveNet Lightning (INT8),Level 2: CPU (XNNPACK),78,8.912656,100.0,202.35352,4.976933,SQUAT,0,234
1772469828410,MoveNet Lightning (INT8),Level 2: CPU (XNNPACK),88,8.912656,100.0,194.42188,4.976933,SQUAT,0,235
1772469828542,MoveNet Lightning (INT8),Level 2: CPU (XNNPACK),64,8.912656,100.0,198.28809,4.702009,SQUAT,0,236
1772469828653,MoveNet Lightning (INT8),Level 2: CPU (XNNPACK),61,5.9760957,100.0,199.70215,4.702009,SQUAT,0,237
1772469828771,MoveNet Lightning (INT8),Level 2: CPU (XNNPACK),66,5.9760957,100.0,201.13965,4.439214,SQUAT,0,238
1772469828824,MoveNet Lightning (INT8),Level 2: CPU (XNNPACK),48,5.9760957,100.0,201.13965,4.439214,SQUAT,0,239
1772469828928,MoveNet Lightning (INT8),Level 2: CPU (XNNPACK),51,5.9760957,100.0,204.19824,5.931081,SQUAT,0,240
1772469829037,MoveNet Lightning (INT8),Level 2: CPU (XNNPACK),54,5.9760957,100.0,197.63184,5.931081,SQUAT,0,241
1772469829143,MoveNet Lightning (INT8),Level 2: CPU (XNNPACK),52,5.9760957,100.0,198.99121,5.931081,SQUAT,0,242
1772469829268,MoveNet Lightning (INT8),Level 2: CPU (XNNPACK),64,5.9760957,100.0,200.4834,4.346225,SQUAT,0,243
1772469829373,MoveNet Lightning (INT8),Level 2: CPU (XNNPACK),52,5.9760957,100.0,201.9248,4.346225,SQUAT,0,244
1772469829490,MoveNet Lightning (INT8),Level 2: CPU (XNNPACK),56,5.9760957,100.0,203.57324,4.354311,SQUAT,0,245
1772469829605,MoveNet Lightning (INT8),Level 2: CPU (XNNPACK),58,5.9760957,100.0,197.57324,4.354311,SQUAT,0,246
1772469829708,MoveNet Lightning (INT8),Level 2: CPU (XNNPACK),52,9.496676,100.0,198.96777,5.494437,SQUAT,0,247
1772469829826,MoveNet Lightning (INT8),Level 2: CPU (XNNPACK),62,9.496676,100.0,200.40918,5.494437,SQUAT,0,248
1772469829930,MoveNet Lightning (INT8),Level 2: CPU (XNNPACK),52,9.496676,100.0,201.83496,4.556461,SQUAT,0,249
1772469830042,MoveNet Lightning (INT8),Level 2: CPU (XNNPACK),60,9.496676,100.0,203.26855,4.556461,SQUAT,0,250
1772469830144,MoveNet Lightning (INT8),Level 2: CPU (XNNPACK),52,9.496676,100.0,204.59668,4.556461,SQUAT,0,251
1772469830255,MoveNet Lightning (INT8),Level 2: CPU (XNNPACK),56,9.496676,100.0,206.2334,4.633278,SQUAT,0,252
1772469830373,MoveNet Lightning (INT8),Level 2: CPU (XNNPACK),56,9.496676,100.0,197.89746,4.633278,SQUAT,0,253
1772469830488,MoveNet Lightning (INT8),Level 2: CPU (XNNPACK),64,9.496676,100.0,199.2373,4.916288,SQUAT,0,254
1772469830603,MoveNet Lightning (INT8),Level 2: CPU (XNNPACK),56,9.496676,100.0,200.67871,4.916288,SQUAT,0,255
1772469830709,MoveNet Lightning (INT8),Level 2: CPU (XNNPACK),51,9.496676,100.0,202.1084,4.301752,SQUAT,0,256
1772469830844,MoveNet Lightning (INT8),Level 2: CPU (XNNPACK),66,8.944544,100.0,203.56543,4.301752,SQUAT,0,257
1772469830970,MoveNet Lightning (INT8),Level 2: CPU (XNNPACK),53,8.944544,100.0,205.12402,5.846178,SQUAT,0,258
1772469831084,MoveNet Lightning (INT8),Level 2: CPU (XNNPACK),60,8.944544,100.0,197.47168,5.846178,SQUAT,0,259
1772469831201,MoveNet Lightning (INT8),Level 2: CPU (XNNPACK),61,8.944544,100.0,198.91699,4.030871,SQUAT,0,260
1772469831310,MoveNet Lightning (INT8),Level 2: CPU (XNNPACK),54,8.944544,100.0,200.36621,4.030871,SQUAT,0,261
1772469831429,MoveNet Lightning (INT8),Level 2: CPU (XNNPACK),60,8.944544,100.0,201.82324,4.940546,SQUAT,0,262
1772469831552,MoveNet Lightning (INT8),Level 2: CPU (XNNPACK),70,8.944544,100.0,203.60449,4.940546,SQUAT,0,263
1772469831659,MoveNet Lightning (INT8),Level 2: CPU (XNNPACK),55,8.944544,100.0,197.44043,4.075344,SQUAT,0,264
1772469831778,MoveNet Lightning (INT8),Level 2: CPU (XNNPACK),62,8.944544,100.0,198.97559,4.075344,SQUAT,0,265
1772469831881,MoveNet Lightning (INT8),Level 2: CPU (XNNPACK),52,8.530806,100.0,200.35059,4.075344,SQUAT,0,266
1772469831987,MoveNet Lightning (INT8),Level 2: CPU (XNNPACK),51,8.530806,100.0,201.80371,3.950011,SQUAT,0,267
1772469832108,MoveNet Lightning (INT8),Level 2: CPU (XNNPACK),63,8.530806,100.0,203.51465,3.950011,SQUAT,0,268
1772469832215,MoveNet Lightning (INT8),Level 2: CPU (XNNPACK),52,8.530806,100.0,197.75293,4.358354,SQUAT,0,269
1772469832325,MoveNet Lightning (INT8),Level 2: CPU (XNNPACK),56,8.530806,100.0,199.1123,4.358354,SQUAT,0,270
1772469832442,MoveNet Lightning (INT8),Level 2: CPU (XNNPACK),58,8.530806,100.0,200.5498,5.393362,SQUAT,0,271
1772469832558,MoveNet Lightning (INT8),Level 2: CPU (XNNPACK),56,8.530806,100.0,201.99121,5.393362,SQUAT,0,272
1772469832740,MoveNet Lightning (INT8),Level 2: CPU (XNNPACK),105,8.530806,100.0,203.74512,4.495816,SQUAT,0,273
1772469832900,MoveNet Lightning (INT8),Level 2: CPU (XNNPACK),94,7.9443893,100.0,197.97852,4.495816,SQUAT,0,274
1772469833008,MoveNet Lightning (INT8),Level 2: CPU (XNNPACK),51,7.9443893,100.0,199.3418,4.228978,SQUAT,0,275
1772469833119,MoveNet Lightning (INT8),Level 2: CPU (XNNPACK),56,7.9443893,100.0,200.91602,4.228978,SQUAT,0,276
1772469833235,MoveNet Lightning (INT8),Level 2: CPU (XNNPACK),64,7.9443893,100.0,202.37305,3.88128,SQUAT,0,277
1772469833350,MoveNet Lightning (INT8),Level 2: CPU (XNNPACK),53,7.9443893,100.0,204.02148,3.88128,SQUAT,0,278
1772469833474,MoveNet Lightning (INT8),Level 2: CPU (XNNPACK),66,7.9443893,100.0,197.7793,4.629235,SQUAT,0,279
1772469833583,MoveNet Lightning (INT8),Level 2: CPU (XNNPACK),54,7.9443893,100.0,199.21289,4.629235,SQUAT,0,280
1772469833692,MoveNet Lightning (INT8),Level 2: CPU (XNNPACK),55,7.9443893,100.0,200.6543,4.604977,SQUAT,0,281
1772469833802,MoveNet Lightning (INT8),Level 2: CPU (XNNPACK),55,7.9443893,100.0,202.09961,4.604977,SQUAT,0,282
1772469833932,MoveNet Lightning (INT8),Level 2: CPU (XNNPACK),64,8.746356,100.0,198.63477,5.2559,SQUAT,0,283
1772469834046,MoveNet Lightning (INT8),Level 2: CPU (XNNPACK),63,8.746356,100.0,197.68164,5.2559,SQUAT,0,284
1772469834153,MoveNet Lightning (INT8),Level 2: CPU (XNNPACK),55,8.746356,100.0,199.0293,5.2559,SQUAT,0,285
1772469834271,MoveNet Lightning (INT8),Level 2: CPU (XNNPACK),65,8.746356,100.0,200.54883,3.634657,SQUAT,0,286
1772469834386,MoveNet Lightning (INT8),Level 2: CPU (XNNPACK),59,8.746356,100.0,202.02539,3.634657,SQUAT,0,287
1772469834503,MoveNet Lightning (INT8),Level 2: CPU (XNNPACK),59,8.746356,100.0,203.66992,4.423042,SQUAT,0,288
1772469834611,MoveNet Lightning (INT8),Level 2: CPU (XNNPACK),50,8.746356,100.0,198.23633,4.423042,SQUAT,0,289
1772469834751,MoveNet Lightning (INT8),Level 2: CPU (XNNPACK),74,8.746356,100.0,199.71289,4.451343,SQUAT,0,290
1772469834918,MoveNet Lightning (INT8),Level 2: CPU (XNNPACK),92,8.746356,100.0,201.1582,5.041621,SQUAT,0,291
1772469835056,MoveNet Lightning (INT8),Level 2: CPU (XNNPACK),81,7.943513,100.0,202.5957,5.041621,SQUAT,0,292
1772469835239,MoveNet Lightning (INT8),Level 2: CPU (XNNPACK),84,7.943513,100.0,202.09961,4.135989,SQUAT,0,293
1772469835387,MoveNet Lightning (INT8),Level 2: CPU (XNNPACK),82,7.943513,100.0,198.17773,4.135989,SQUAT,0,294
1772469835538,MoveNet Lightning (INT8),Level 2: CPU (XNNPACK),78,7.943513,100.0,199.63867,5.017363,SQUAT,0,295
1772469835687,MoveNet Lightning (INT8),Level 2: CPU (XNNPACK),75,7.943513,100.0,201.10352,4.087473,SQUAT,0,296
1772469835886,MoveNet Lightning (INT8),Level 2: CPU (XNNPACK),123,7.943513,100.0,202.5918,4.087473,SQUAT,0,297
1772469836042,MoveNet Lightning (INT8),Level 2: CPU (XNNPACK),87,7.943513,100.0,197.56055,5.021406,SQUAT,0,298
1772469836148,MoveNet Lightning (INT8),Level 2: CPU (XNNPACK),53,6.3868613,100.0,201.47852,5.021406,SQUAT,0,299
1772469836281,MoveNet Lightning (INT8),Level 2: CPU (XNNPACK),75,6.3868613,100.0,199.04102,3.383991,SQUAT,0,300
1772469836389,MoveNet Lightning (INT8),Level 2: CPU (XNNPACK),52,6.3868613,100.0,202.43164,3.383991,SQUAT,0,301
1772469836502,MoveNet Lightning (INT8),Level 2: CPU (XNNPACK),55,6.3868613,100.0,201.91211,4.718181,SQUAT,0,302
1772469836648,MoveNet Lightning (INT8),Level 2: CPU (XNNPACK),80,6.3868613,100.0,197.05273,4.718181,SQUAT,0,303
1772469836752,MoveNet Lightning (INT8),Level 2: CPU (XNNPACK),54,6.3868613,100.0,198.23633,3.412292,SQUAT,0,304
1772469836896,MoveNet Lightning (INT8),Level 2: CPU (XNNPACK),89,6.3868613,100.0,199.77539,3.412292,SQUAT,0,305
1772469837003,MoveNet Lightning (INT8),Level 2: CPU (XNNPACK),50,6.3868613,100.0,201.12695,4.584762,SQUAT,0,306
1772469837110,MoveNet Lightning (INT8),Level 2: CPU (XNNPACK),52,6.3868613,100.0,202.56055,4.584762,SQUAT,0,307
1772469837251,MoveNet Lightning (INT8),Level 2: CPU (XNNPACK),85,8.144796,100.0,196.51367,5.433792,SQUAT,0,308
1772469837355,MoveNet Lightning (INT8),Level 2: CPU (XNNPACK),54,8.144796,100.0,197.61914,5.433792,SQUAT,0,309
1772469837484,MoveNet Lightning (INT8),Level 2: CPU (XNNPACK),79,8.144796,100.0,199.20508,4.507945,SQUAT,0,310
1772469837590,MoveNet Lightning (INT8),Level 2: CPU (XNNPACK),54,8.144796,100.0,200.66602,4.507945,SQUAT,0,311
1772469837705,MoveNet Lightning (INT8),Level 2: CPU (XNNPACK),61,8.144796,100.0,202.13477,5.126524,SQUAT,0,312
1772469837839,MoveNet Lightning (INT8),Level 2: CPU (XNNPACK),58,8.144796,100.0,203.78711,5.126524,SQUAT,0,313
1772469837949,MoveNet Lightning (INT8),Level 2: CPU (XNNPACK),53,8.144796,100.0,197.93164,4.362397,SQUAT,1,314
1772469838070,MoveNet Lightning (INT8),Level 2: CPU (XNNPACK),67,8.144796,100.0,199.44336,4.362397,SQUAT,1,315
1772469838179,MoveNet Lightning (INT8),Level 2: CPU (XNNPACK),55,8.144796,100.0,200.83398,4.253236,SQUAT,1,316
1772469838282,MoveNet Lightning (INT8),Level 2: CPU (XNNPACK),52,8.729389,100.0,202.33789,4.253236,SQUAT,1,317
1772469838415,MoveNet Lightning (INT8),Level 2: CPU (XNNPACK),70,8.729389,100.0,199.61133,4.394741,SQUAT,1,318
1772469838528,MoveNet Lightning (INT8),Level 2: CPU (XNNPACK),61,8.729389,100.0,198.33203,4.394741,SQUAT,1,319
1772469838642,MoveNet Lightning (INT8),Level 2: CPU (XNNPACK),63,8.729389,100.0,199.71875,4.394741,SQUAT,1,320
1772469838752,MoveNet Lightning (INT8),Level 2: CPU (XNNPACK),60,8.729389,100.0,201.14844,4.249193,SQUAT,1,321
1772469838869,MoveNet Lightning (INT8),Level 2: CPU (XNNPACK),62,8.729389,100.0,202.57812,4.249193,SQUAT,1,322
1772469839005,MoveNet Lightning (INT8),Level 2: CPU (XNNPACK),62,8.729389,100.0,204.20312,4.253236,SQUAT,1,323
1772469839111,MoveNet Lightning (INT8),Level 2: CPU (XNNPACK),51,8.729389,100.0,197.5586,4.253236,SQUAT,1,324
1772469839221,MoveNet Lightning (INT8),Level 2: CPU (XNNPACK),51,8.729389,100.0,199.01953,4.900116,SQUAT,1,325
1772469839335,MoveNet Lightning (INT8),Level 2: CPU (XNNPACK),62,8.5470085,100.0,200.58203,4.900116,SQUAT,1,326
1772469839448,MoveNet Lightning (INT8),Level 2: CPU (XNNPACK),55,8.5470085,100.0,201.9336,4.378569,SQUAT,1,327
1772469839567,MoveNet Lightning (INT8),Level 2: CPU (XNNPACK),54,8.5470085,100.0,203.59375,4.378569,SQUAT,1,328
1772469839674,MoveNet Lightning (INT8),Level 2: CPU (XNNPACK),57,8.5470085,100.0,198.16406,4.095559,SQUAT,1,329
1772469839785,MoveNet Lightning (INT8),Level 2: CPU (XNNPACK),51,8.5470085,100.0,199.53906,4.095559,SQUAT,1,330
1772469839905,MoveNet Lightning (INT8),Level 2: CPU (XNNPACK),62,8.5470085,100.0,201.0039,5.09418,SQUAT,1,331
1772469840020,MoveNet Lightning (INT8),Level 2: CPU (XNNPACK),61,8.5470085,100.0,202.40625,5.09418,SQUAT,1,332
1772469840140,MoveNet Lightning (INT8),Level 2: CPU (XNNPACK),62,8.5470085,100.0,203.8086,5.09418,SQUAT,1,333
1772469840266,MoveNet Lightning (INT8),Level 2: CPU (XNNPACK),74,8.5470085,100.0,197.73047,4.261322,SQUAT,1,334
1772469840376,MoveNet Lightning (INT8),Level 2: CPU (XNNPACK),52,8.695652,100.0,198.21484,4.261322,SQUAT,1,335
1772469840483,MoveNet Lightning (INT8),Level 2: CPU (XNNPACK),57,8.695652,100.0,199.64453,4.317924,SQUAT,1,336
1772469840589,MoveNet Lightning (INT8),Level 2: CPU (XNNPACK),52,8.695652,100.0,201.08594,4.317924,SQUAT,1,337
1772469840691,MoveNet Lightning (INT8),Level 2: CPU (XNNPACK),52,8.695652,100.0,202.50781,4.334096,SQUAT,1,338
1772469840796,MoveNet Lightning (INT8),Level 2: CPU (XNNPACK),53,8.695652,100.0,203.8164,4.334096,SQUAT,1,339
1772469840906,MoveNet Lightning (INT8),Level 2: CPU (XNNPACK),52,8.695652,100.0,205.45312,5.352932,SQUAT,1,340
1772469841011,MoveNet Lightning (INT8),Level 2: CPU (XNNPACK),52,8.695652,100.0,197.82031,5.352932,SQUAT,1,341
1772469841112,MoveNet Lightning (INT8),Level 2: CPU (XNNPACK),53,8.695652,100.0,199.16406,5.352932,SQUAT,1,342
1772469841215,MoveNet Lightning (INT8),Level 2: CPU (XNNPACK),51,8.695652,100.0,200.59766,4.192591,SQUAT,1,343
1772469841317,MoveNet Lightning (INT8),Level 2: CPU (XNNPACK),53,8.695652,100.0,202.01562,4.192591,SQUAT,1,344
1772469841455,MoveNet Lightning (INT8),Level 2: CPU (XNNPACK),87,9.21659,100.0,196.32812,4.560504,SQUAT,1,345
1772469841568,MoveNet Lightning (INT8),Level 2: CPU (XNNPACK),51,9.21659,100.0,197.51953,4.560504,SQUAT,1,346
1772469841699,MoveNet Lightning (INT8),Level 2: CPU (XNNPACK),76,9.21659,100.0,199.10156,4.710095,SQUAT,1,347
1772469841821,MoveNet Lightning (INT8),Level 2: CPU (XNNPACK),57,9.21659,100.0,200.44922,4.710095,SQUAT,1,348
1772469841927,MoveNet Lightning (INT8),Level 2: CPU (XNNPACK),53,9.21659,100.0,201.9375,4.305795,SQUAT,1,349
1772469842064,MoveNet Lightning (INT8),Level 2: CPU (XNNPACK),81,9.21659,100.0,196.41016,4.305795,SQUAT,1,350
1772469842173,MoveNet Lightning (INT8),Level 2: CPU (XNNPACK),50,9.21659,100.0,197.64062,4.414956,SQUAT,1,351
1772469842278,MoveNet Lightning (INT8),Level 2: CPU (XNNPACK),52,9.21659,100.0,199.11719,4.414956,SQUAT,1,352
1772469842399,MoveNet Lightning (INT8),Level 2: CPU (XNNPACK),64,9.21659,100.0,200.66016,4.823299,SQUAT,1,353
1772469842504,MoveNet Lightning (INT8),Level 2: CPU (XNNPACK),51,8.604206,100.0,202.01562,4.823299,SQUAT,1,354
1772469842623,MoveNet Lightning (INT8),Level 2: CPU (XNNPACK),53,8.604206,100.0,203.7539,4.823299,SQUAT,1,355
1772469842733,MoveNet Lightning (INT8),Level 2: CPU (XNNPACK),55,8.604206,100.0,198.10938,5.158868,SQUAT,1,356
1772469842844,MoveNet Lightning (INT8),Level 2: CPU (XNNPACK),55,8.604206,100.0,199.44531,5.158868,SQUAT,1,357
1772469842958,MoveNet Lightning (INT8),Level 2: CPU (XNNPACK),54,8.604206,100.0,200.9414,5.639985,SQUAT,1,358
1772469843068,MoveNet Lightning (INT8),Level 2: CPU (XNNPACK),57,8.604206,100.0,202.33984,5.639985,SQUAT,1,359
1772469843210,MoveNet Lightning (INT8),Level 2: CPU (XNNPACK),86,8.604206,100.0,196.5039,4.722224,SQUAT,1,360
1772469843317,MoveNet Lightning (INT8),Level 2: CPU (XNNPACK),55,8.604206,100.0,197.6875,4.722224,SQUAT,1,361
1772469843444,MoveNet Lightning (INT8),Level 2: CPU (XNNPACK),59,8.604206,100.0,199.15234,4.637321,SQUAT,1,362
1772469843554,MoveNet Lightning (INT8),Level 2: CPU (XNNPACK),57,8.563273,100.0,200.61719,4.637321,SQUAT,1,363
1772469843669,MoveNet Lightning (INT8),Level 2: CPU (XNNPACK),59,8.563273,100.0,202.08203,4.079387,SQUAT,1,364
1772469843789,MoveNet Lightning (INT8),Level 2: CPU (XNNPACK),55,8.563273,100.0,203.6836,4.079387,SQUAT,1,365
1772469843898,MoveNet Lightning (INT8),Level 2: CPU (XNNPACK),51,8.563273,100.0,197.65625,3.671044,SQUAT,1,366
1772469844013,MoveNet Lightning (INT8),Level 2: CPU (XNNPACK),60,8.563273,100.0,199.125,3.671044,SQUAT,1,367
1772469844134,MoveNet Lightning (INT8),Level 2: CPU (XNNPACK),61,8.563273,100.0,200.59375,3.671044,SQUAT,1,368
1772469844249,MoveNet Lightning (INT8),Level 2: CPU (XNNPACK),65,8.563273,100.0,202.05078,3.816592,SQUAT,1,369
1772469844381,MoveNet Lightning (INT8),Level 2: CPU (XNNPACK),55,8.563273,100.0,207.35938,3.816592,SQUAT,1,370
1772469844502,MoveNet Lightning (INT8),Level 2: CPU (XNNPACK),64,8.563273,100.0,197.78906,4.625192,SQUAT,1,371
1772469844612,MoveNet Lightning (INT8),Level 2: CPU (XNNPACK),53,8.538899,100.0,199.21484,4.625192,SQUAT,1,372
1772469844721,MoveNet Lightning (INT8),Level 2: CPU (XNNPACK),56,8.538899,100.0,200.64062,5.195255,SQUAT,1,373
1772469844830,MoveNet Lightning (INT8),Level 2: CPU (XNNPACK),54,8.538899,100.0,202.07031,5.195255,SQUAT,1,374
1772469844948,MoveNet Lightning (INT8),Level 2: CPU (XNNPACK),62,8.538899,100.0,193.90234,4.273451,SQUAT,1,375
1772469845063,MoveNet Lightning (INT8),Level 2: CPU (XNNPACK),62,8.538899,100.0,197.69531,4.273451,SQUAT,1,376
1772469845189,MoveNet Lightning (INT8),Level 2: CPU (XNNPACK),51,8.538899,100.0,199.1211,4.071301,SQUAT,1,377
1772469845327,MoveNet Lightning (INT8),Level 2: CPU (XNNPACK),74,8.538899,100.0,200.59766,4.071301,SQUAT,1,378
1772469845457,MoveNet Lightning (INT8),Level 2: CPU (XNNPACK),77,8.538899,100.0,202.07812,4.140032,SQUAT,1,379
1772469845594,MoveNet Lightning (INT8),Level 2: CPU (XNNPACK),73,8.538899,100.0,193.54688,4.140032,SQUAT,1,380
1772469845702,MoveNet Lightning (INT8),Level 2: CPU (XNNPACK),55,8.226691,100.0,197.6289,4.386655,SQUAT,1,381
1772469845824,MoveNet Lightning (INT8),Level 2: CPU (XNNPACK),67,8.226691,100.0,199.1836,4.386655,SQUAT,1,382
1772469845926,MoveNet Lightning (INT8),Level 2: CPU (XNNPACK),53,8.226691,100.0,200.61719,4.253236,SQUAT,1,383
1772469846032,MoveNet Lightning (INT8),Level 2: CPU (XNNPACK),53,8.226691,100.0,202.0039,4.253236,SQUAT,1,384
1772469846155,MoveNet Lightning (INT8),Level 2: CPU (XNNPACK),59,8.226691,100.0,202.44531,4.507945,SQUAT,1,385
1772469846265,MoveNet Lightning (INT8),Level 2: CPU (XNNPACK),59,8.226691,100.0,197.79297,4.507945,SQUAT,1,386
1772469846368,MoveNet Lightning (INT8),Level 2: CPU (XNNPACK),51,8.226691,100.0,199.10938,4.507945,SQUAT,1,387
1772469846485,MoveNet Lightning (INT8),Level 2: CPU (XNNPACK),64,8.226691,100.0,200.5664,4.342182,SQUAT,1,388
1772469846595,MoveNet Lightning (INT8),Level 2: CPU (XNNPACK),53,8.226691,100.0,201.91797,4.342182,SQUAT,1,389
1772469846719,MoveNet Lightning (INT8),Level 2: CPU (XNNPACK),49,8.226691,100.0,203.55078,4.592848,SQUAT,1,390
1772469846844,MoveNet Lightning (INT8),Level 2: CPU (XNNPACK),70,8.756567,100.0,197.6289,4.592848,SQUAT,1,391
1772469846969,MoveNet Lightning (INT8),Level 2: CPU (XNNPACK),71,8.756567,100.0,199.08984,4.36644,SQUAT,1,392
1772469847078,MoveNet Lightning (INT8),Level 2: CPU (XNNPACK),54,8.756567,100.0,200.51562,4.36644,SQUAT,1,393
1772469847187,MoveNet Lightning (INT8),Level 2: CPU (XNNPACK),59,8.756567,100.0,201.9414,4.73031,SQUAT,1,394
1772469847300,MoveNet Lightning (INT8),Level 2: CPU (XNNPACK),51,8.756567,100.0,203.36719,4.73031,SQUAT,1,395
1772469847450,MoveNet Lightning (INT8),Level 2: CPU (XNNPACK),89,8.756567,100.0,194.09766,4.483687,SQUAT,1,396
1772469847577,MoveNet Lightning (INT8),Level 2: CPU (XNNPACK),63,8.756567,100.0,198.41406,4.483687,SQUAT,1,397
1772469847681,MoveNet Lightning (INT8),Level 2: CPU (XNNPACK),53,8.756567,100.0,199.78125,4.584762,SQUAT,1,398
1772469847801,MoveNet Lightning (INT8),Level 2: CPU (XNNPACK),62,8.756567,100.0,201.28516,4.584762,SQUAT,1,399
1772469847910,MoveNet Lightning (INT8),Level 2: CPU (XNNPACK),52,8.474576,100.0,202.63281,4.645407,SQUAT,1,400
1772469848038,MoveNet Lightning (INT8),Level 2: CPU (XNNPACK),69,8.474576,100.0,197.89453,4.645407,SQUAT,1,401
1772469848146,MoveNet Lightning (INT8),Level 2: CPU (XNNPACK),54,8.474576,100.0,197.54297,4.645407,SQUAT,1,402
1772469848271,MoveNet Lightning (INT8),Level 2: CPU (XNNPACK),73,8.474576,100.0,199.09375,3.671044,SQUAT,1,403
1772469848383,MoveNet Lightning (INT8),Level 2: CPU (XNNPACK),51,8.474576,100.0,200.44922,3.671044,SQUAT,1,404
1772469848518,MoveNet Lightning (INT8),Level 2: CPU (XNNPACK),81,8.474576,100.0,201.98828,4.584762,SQUAT,1,405
1772469848661,MoveNet Lightning (INT8),Level 2: CPU (XNNPACK),85,8.474576,100.0,196.53516,4.107688,SQUAT,1,406
1772469848777,MoveNet Lightning (INT8),Level 2: CPU (XNNPACK),60,8.474576,100.0,197.72266,4.107688,SQUAT,1,407
1772469848904,MoveNet Lightning (INT8),Level 2: CPU (XNNPACK),69,8.474576,100.0,199.1836,4.051086,SQUAT,1,408
1772469849009,MoveNet Lightning (INT8),Level 2: CPU (XNNPACK),50,8.166969,100.0,200.5625,4.051086,SQUAT,1,409
1772469849116,MoveNet Lightning (INT8),Level 2: CPU (XNNPACK),53,8.166969,100.0,202.02734,4.051086,SQUAT,1,410
1772469849252,MoveNet Lightning (INT8),Level 2: CPU (XNNPACK),70,8.166969,100.0,203.77344,4.091516,SQUAT,1,411
1772469849367,MoveNet Lightning (INT8),Level 2: CPU (XNNPACK),57,8.166969,100.0,197.84375,4.091516,SQUAT,1,412
1772469849469,MoveNet Lightning (INT8),Level 2: CPU (XNNPACK),53,8.166969,100.0,199.25781,4.524117,SQUAT,1,413
1772469849576,MoveNet Lightning (INT8),Level 2: CPU (XNNPACK),52,8.166969,100.0,200.67969,4.524117,SQUAT,1,414
1772469849692,MoveNet Lightning (INT8),Level 2: CPU (XNNPACK),59,8.166969,100.0,202.09766,4.431128,SQUAT,1,415
1772469849808,MoveNet Lightning (INT8),Level 2: CPU (XNNPACK),54,8.166969,100.0,203.71875,4.431128,SQUAT,1,416
1772469849923,MoveNet Lightning (INT8),Level 2: CPU (XNNPACK),54,8.166969,100.0,197.65625,4.301752,SQUAT,1,417
1772469850026,MoveNet Lightning (INT8),Level 2: CPU (XNNPACK),53,8.806262,100.0,199.1289,4.301752,SQUAT,1,418
1772469850138,MoveNet Lightning (INT8),Level 2: CPU (XNNPACK),49,8.806262,100.0,200.52344,4.301752,SQUAT,1,419
1772469850248,MoveNet Lightning (INT8),Level 2: CPU (XNNPACK),61,8.806262,100.0,202.00781,5.195255,SQUAT,1,420
1772469850352,MoveNet Lightning (INT8),Level 2: CPU (XNNPACK),52,8.806262,100.0,203.4375,5.195255,SQUAT,1,421
1772469850533,MoveNet Lightning (INT8),Level 2: CPU (XNNPACK),102,8.806262,100.0,196.1709,4.28558,SQUAT,1,422
1772469850689,MoveNet Lightning (INT8),Level 2: CPU (XNNPACK),102,8.806262,100.0,198.38965,5.308459,SQUAT,1,423
1772469850823,MoveNet Lightning (INT8),Level 2: CPU (XNNPACK),67,8.806262,100.0,199.75293,5.308459,SQUAT,1,424
1772469850988,MoveNet Lightning (INT8),Level 2: CPU (XNNPACK),97,8.806262,100.0,201.22949,4.657536,SQUAT,1,425
1772469851155,MoveNet Lightning (INT8),Level 2: CPU (XNNPACK),112,7.1237755,100.0,202.65527,4.710095,SQUAT,1,426
1772469851390,MoveNet Lightning (INT8),Level 2: CPU (XNNPACK),154,7.1237755,100.0,194.39941,4.964804,SQUAT,1,427
1772469851555,MoveNet Lightning (INT8),Level 2: CPU (XNNPACK),106,7.1237755,100.0,197.69824,4.976933,SQUAT,1,428
1772469851657,MoveNet Lightning (INT8),Level 2: CPU (XNNPACK),48,7.1237755,100.0,199.12207,4.224935,SQUAT,1,429
1772469851755,MoveNet Lightning (INT8),Level 2: CPU (XNNPACK),50,7.1237755,100.0,200.55566,4.224935,SQUAT,1,430
1772469851808,MoveNet Lightning (INT8),Level 2: CPU (XNNPACK),49,7.1237755,100.0,200.55566,4.224935,SQUAT,1,431
1772469851942,MoveNet Lightning (INT8),Level 2: CPU (XNNPACK),71,7.1237755,100.0,193.60059,4.148118,SQUAT,1,432
1772469852048,MoveNet Lightning (INT8),Level 2: CPU (XNNPACK),59,7.1237755,100.0,197.65918,4.148118,SQUAT,1,433
1772469852100,MoveNet Lightning (INT8),Level 2: CPU (XNNPACK),48,7.1237755,100.0,197.65918,4.148118,SQUAT,1,434
1772469852199,MoveNet Lightning (INT8),Level 2: CPU (XNNPACK),52,8.538899,100.0,200.49902,3.966183,SQUAT,1,435
1772469852303,MoveNet Lightning (INT8),Level 2: CPU (XNNPACK),55,8.538899,100.0,201.9248,3.966183,SQUAT,1,436
1772469852355,MoveNet Lightning (INT8),Level 2: CPU (XNNPACK),50,8.538899,100.0,201.9248,3.966183,SQUAT,1,437
1772469852463,MoveNet Lightning (INT8),Level 2: CPU (XNNPACK),56,8.538899,100.0,208.2373,4.140032,SQUAT,1,438
1772469852573,MoveNet Lightning (INT8),Level 2: CPU (XNNPACK),62,8.538899,100.0,197.7373,4.140032,SQUAT,1,439
1772469852672,MoveNet Lightning (INT8),Level 2: CPU (XNNPACK),52,8.538899,100.0,199.12402,4.277494,SQUAT,1,440
1772469852779,MoveNet Lightning (INT8),Level 2: CPU (XNNPACK),58,8.538899,100.0,200.53418,4.277494,SQUAT,1,441
1772469852881,MoveNet Lightning (INT8),Level 2: CPU (XNNPACK),55,8.538899,100.0,201.9248,3.590184,SQUAT,1,442
1772469852933,MoveNet Lightning (INT8),Level 2: CPU (XNNPACK),49,8.538899,100.0,201.9248,3.590184,SQUAT,1,443
1772469853051,MoveNet Lightning (INT8),Level 2: CPU (XNNPACK),53,8.538899,100.0,197.68262,3.590184,SQUAT,1,444
1772469853104,MoveNet Lightning (INT8),Level 2: CPU (XNNPACK),50,8.538899,100.0,197.68262,3.590184,SQUAT,1,445
1772469853209,MoveNet Lightning (INT8),Level 2: CPU (XNNPACK),57,10.923535,100.0,200.4209,5.082051,SQUAT,1,446
1772469853312,MoveNet Lightning (INT8),Level 2: CPU (XNNPACK),54,10.923535,100.0,201.88574,5.082051,SQUAT,1,447
1772469853363,MoveNet Lightning (INT8),Level 2: CPU (XNNPACK),49,10.923535,100.0,201.88574,5.082051,SQUAT,1,448
1772469853463,MoveNet Lightning (INT8),Level 2: CPU (XNNPACK),48,10.923535,100.0,204.74121,4.495816,SQUAT,1,449
1772469853571,MoveNet Lightning (INT8),Level 2: CPU (XNNPACK),52,10.923535,100.0,208.87793,4.495816,SQUAT,1,450
1772469853678,MoveNet Lightning (INT8),Level 2: CPU (XNNPACK),57,10.923535,100.0,198.22168,4.887987,SQUAT,1,451
1772469853778,MoveNet Lightning (INT8),Level 2: CPU (XNNPACK),50,10.923535,100.0,199.64746,4.887987,SQUAT,1,452
1772469853831,MoveNet Lightning (INT8),Level 2: CPU (XNNPACK),50,10.923535,100.0,199.64746,4.887987,SQUAT,1,453
1772469853940,MoveNet Lightning (INT8),Level 2: CPU (XNNPACK),55,10.923535,100.0,202.38184,4.176419,SQUAT,1,454
1772469854062,MoveNet Lightning (INT8),Level 2: CPU (XNNPACK),64,10.923535,100.0,200.94043,4.176419,SQUAT,1,455
1772469854170,MoveNet Lightning (INT8),Level 2: CPU (XNNPACK),54,10.923535,100.0,197.88574,4.564547,SQUAT,1,456
1772469854274,MoveNet Lightning (INT8),Level 2: CPU (XNNPACK),51,10.367578,100.0,199.30762,4.564547,SQUAT,1,457
1772469854380,MoveNet Lightning (INT8),Level 2: CPU (XNNPACK),49,10.367578,100.0,200.66699,4.200677,SQUAT,1,458
1772469854486,MoveNet Lightning (INT8),Level 2: CPU (XNNPACK),52,10.367578,100.0,202.13574,4.200677,SQUAT,1,459
1772469854591,MoveNet Lightning (INT8),Level 2: CPU (XNNPACK),52,10.367578,100.0,203.74121,4.200677,SQUAT,1,460
1772469854702,MoveNet Lightning (INT8),Level 2: CPU (XNNPACK),59,10.367578,100.0,197.53418,3.950011,SQUAT,1,461
1772469854803,MoveNet Lightning (INT8),Level 2: CPU (XNNPACK),51,10.367578,100.0,198.96777,3.950011,SQUAT,1,462
1772469854919,MoveNet Lightning (INT8),Level 2: CPU (XNNPACK),60,10.367578,100.0,200.40527,4.617106,SQUAT,1,463
1772469855048,MoveNet Lightning (INT8),Level 2: CPU (XNNPACK),79,10.367578,100.0,201.8584,4.617106,SQUAT,1,464
1772469855161,MoveNet Lightning (INT8),Level 2: CPU (XNNPACK),53,10.367578,100.0,203.46777,4.32601,SQUAT,1,465
1772469855292,MoveNet Lightning (INT8),Level 2: CPU (XNNPACK),79,8.832189,100.0,197.80371,4.32601,SQUAT,1,466
1772469855401,MoveNet Lightning (INT8),Level 2: CPU (XNNPACK),57,8.832189,100.0,199.25293,4.196634,SQUAT,1,467
1772469855579,MoveNet Lightning (INT8),Level 2: CPU (XNNPACK),54,8.832189,100.0,200.72168,4.196634,SQUAT,1,468
1772469855683,MoveNet Lightning (INT8),Level 2: CPU (XNNPACK),53,8.832189,100.0,202.13574,3.994484,SQUAT,1,469
1772469855782,MoveNet Lightning (INT8),Level 2: CPU (XNNPACK),50,8.832189,100.0,203.5498,3.994484,SQUAT,1,470
1772469855884,MoveNet Lightning (INT8),Level 2: CPU (XNNPACK),51,8.832189,100.0,204.91309,3.982355,SQUAT,1,471
1772469855989,MoveNet Lightning (INT8),Level 2: CPU (XNNPACK),59,8.832189,100.0,195.4834,3.982355,SQUAT,1,472
1772469856045,MoveNet Lightning (INT8),Level 2: CPU (XNNPACK),52,8.832189,100.0,195.4834,3.982355,SQUAT,1,473
1772469856147,MoveNet Lightning (INT8),Level 2: CPU (XNNPACK),52,8.832189,100.0,199.70605,3.238443,SQUAT,1,474
1772469856247,MoveNet Lightning (INT8),Level 2: CPU (XNNPACK),51,8.832189,100.0,201.06152,3.238443,SQUAT,1,475
1772469856364,MoveNet Lightning (INT8),Level 2: CPU (XNNPACK),64,9.3109865,100.0,202.49512,3.238443,SQUAT,1,476
1772469856473,MoveNet Lightning (INT8),Level 2: CPU (XNNPACK),54,9.3109865,100.0,204.12793,3.966183,SQUAT,1,477
1772469856576,MoveNet Lightning (INT8),Level 2: CPU (XNNPACK),57,9.3109865,100.0,197.70215,3.966183,SQUAT,1,478
1772469856681,MoveNet Lightning (INT8),Level 2: CPU (XNNPACK),56,9.3109865,100.0,199.08105,3.667001,SQUAT,1,479
1772469856778,MoveNet Lightning (INT8),Level 2: CPU (XNNPACK),51,9.3109865,100.0,200.50684,3.667001,SQUAT,1,480
1772469856833,MoveNet Lightning (INT8),Level 2: CPU (XNNPACK),53,9.3109865,100.0,200.50684,3.667001,SQUAT,1,481
1772469856949,MoveNet Lightning (INT8),Level 2: CPU (XNNPACK),56,9.3109865,100.0,203.52246,5.514652,SQUAT,1,482
1772469857059,MoveNet Lightning (INT8),Level 2: CPU (XNNPACK),55,9.3109865,100.0,197.7334,5.514652,SQUAT,1,483
1772469857164,MoveNet Lightning (INT8),Level 2: CPU (XNNPACK),54,9.3109865,100.0,199.13184,4.12386,SQUAT,1,484
1772469857215,MoveNet Lightning (INT8),Level 2: CPU (XNNPACK),48,9.3109865,100.0,199.13184,4.12386,SQUAT,1,485
1772469857334,MoveNet Lightning (INT8),Level 2: CPU (XNNPACK),64,9.3109865,100.0,201.95605,4.12386,SQUAT,1,486
1772469857435,MoveNet Lightning (INT8),Level 2: CPU (XNNPACK),50,10.280374,100.0,203.36621,4.633278,SQUAT,1,487
1772469857546,MoveNet Lightning (INT8),Level 2: CPU (XNNPACK),57,10.280374,100.0,204.9209,4.633278,SQUAT,1,488
1772469857654,MoveNet Lightning (INT8),Level 2: CPU (XNNPACK),56,10.280374,100.0,198.16699,3.844893,SQUAT,1,489
1772469857757,MoveNet Lightning (INT8),Level 2: CPU (XNNPACK),52,10.280374,100.0,199.5498,3.844893,SQUAT,1,490
1772469857863,MoveNet Lightning (INT8),Level 2: CPU (XNNPACK),54,10.280374,100.0,200.97559,3.844893,SQUAT,1,491
1772469857970,MoveNet Lightning (INT8),Level 2: CPU (XNNPACK),51,10.280374,100.0,202.40918,4.237064,SQUAT,1,492
1772469858082,MoveNet Lightning (INT8),Level 2: CPU (XNNPACK),53,10.280374,100.0,203.84668,4.237064,SQUAT,1,493
1772469858201,MoveNet Lightning (INT8),Level 2: CPU (XNNPACK),61,10.280374,100.0,205.2959,5.235685,SQUAT,1,494
1772469858342,MoveNet Lightning (INT8),Level 2: CPU (XNNPACK),80,10.280374,100.0,195.69434,5.235685,SQUAT,1,495
1772469858451,MoveNet Lightning (INT8),Level 2: CPU (XNNPACK),59,8.858268,100.0,198.33496,4.358354,SQUAT,1,496
1772469858554,MoveNet Lightning (INT8),Level 2: CPU (XNNPACK),52,8.858268,100.0,199.78418,4.358354,SQUAT,1,497
1772469858667,MoveNet Lightning (INT8),Level 2: CPU (XNNPACK),55,8.858268,100.0,201.24121,4.180462,SQUAT,1,498
1772469858774,MoveNet Lightning (INT8),Level 2: CPU (XNNPACK),52,8.858268,100.0,202.70215,4.180462,SQUAT,1,499
1772469858888,MoveNet Lightning (INT8),Level 2: CPU (XNNPACK),52,8.858268,100.0,204.26074,3.966183,SQUAT,1,500
1772469858998,MoveNet Lightning (INT8),Level 2: CPU (XNNPACK),59,8.858268,100.0,197.75293,3.966183,SQUAT,1,501
1772469859106,MoveNet Lightning (INT8),Level 2: CPU (XNNPACK),56,8.858268,100.0,199.08105,3.966183,SQUAT,1,502
1772469859206,MoveNet Lightning (INT8),Level 2: CPU (XNNPACK),51,8.858268,100.0,200.52246,3.816592,SQUAT,1,503
1772469859308,MoveNet Lightning (INT8),Level 2: CPU (XNNPACK),53,8.858268,100.0,201.95605,3.816592,SQUAT,1,504
1772469859417,MoveNet Lightning (INT8),Level 2: CPU (XNNPACK),60,8.858268,100.0,203.40137,4.455386,SQUAT,1,505
1772469859543,MoveNet Lightning (INT8),Level 2: CPU (XNNPACK),58,9.3109865,100.0,205.00293,4.455386,SQUAT,1,506
1772469859647,MoveNet Lightning (INT8),Level 2: CPU (XNNPACK),54,9.3109865,100.0,198.03809,4.920331,SQUAT,1,507
1772469859750,MoveNet Lightning (INT8),Level 2: CPU (XNNPACK),52,9.3109865,100.0,199.56543,4.920331,SQUAT,1,508
1772469859854,MoveNet Lightning (INT8),Level 2: CPU (XNNPACK),50,9.3109865,100.0,200.95605,4.920331,SQUAT,1,509
1772469859956,MoveNet Lightning (INT8),Level 2: CPU (XNNPACK),53,9.3109865,100.0,202.45215,4.536246,SQUAT,1,510
1772469860014,MoveNet Lightning (INT8),Level 2: CPU (XNNPACK),50,9.3109865,100.0,202.45215,4.536246,SQUAT,1,511
1772469860153,MoveNet Lightning (INT8),Level 2: CPU (XNNPACK),62,9.3109865,100.0,196.35449,4.665622,SQUAT,1,512
1772469860265,MoveNet Lightning (INT8),Level 2: CPU (XNNPACK),52,9.3109865,100.0,198.00293,4.665622,SQUAT,1,513
1772469860376,MoveNet Lightning (INT8),Level 2: CPU (XNNPACK),60,9.3109865,100.0,199.4873,4.305795,SQUAT,1,514
1772469860489,MoveNet Lightning (INT8),Level 2: CPU (XNNPACK),56,9.3109865,100.0,200.90527,4.305795,SQUAT,1,515
1772469860595,MoveNet Lightning (INT8),Level 2: CPU (XNNPACK),55,9.354537,100.0,202.34668,4.305795,SQUAT,1,516
1772469860732,MoveNet Lightning (INT8),Level 2: CPU (XNNPACK),70,9.354537,100.0,203.94434,5.110352,SQUAT,1,517
1772469860858,MoveNet Lightning (INT8),Level 2: CPU (XNNPACK),66,9.354537,100.0,198.53809,5.110352,SQUAT,1,518
1772469860965,MoveNet Lightning (INT8),Level 2: CPU (XNNPACK),55,9.354537,100.0,199.99512,4.192591,SQUAT,1,519
1772469861071,MoveNet Lightning (INT8),Level 2: CPU (XNNPACK),50,9.354537,100.0,201.37793,4.192591,SQUAT,1,520
1772469861174,MoveNet Lightning (INT8),Level 2: CPU (XNNPACK),50,9.354537,100.0,202.91309,4.794998,SQUAT,1,521
1772469861279,MoveNet Lightning (INT8),Level 2: CPU (XNNPACK),51,9.354537,100.0,204.3584,4.794998,SQUAT,1,522
1772469861391,MoveNet Lightning (INT8),Level 2: CPU (XNNPACK),60,9.354537,100.0,205.81934,4.358354,SQUAT,1,523
1772469861518,MoveNet Lightning (INT8),Level 2: CPU (XNNPACK),70,9.354537,100.0,207.52246,4.358354,SQUAT,1,524
1772469861631,MoveNet Lightning (INT8),Level 2: CPU (XNNPACK),58,8.712488,100.0,198.14746,4.334096,SQUAT,1,525
1772469861737,MoveNet Lightning (INT8),Level 2: CPU (XNNPACK),53,8.712488,100.0,199.61621,4.334096,SQUAT,1,526
1772469861841,MoveNet Lightning (INT8),Level 2: CPU (XNNPACK),50,8.712488,100.0,201.00293,4.334096,SQUAT,1,527
1772469861951,MoveNet Lightning (INT8),Level 2: CPU (XNNPACK),61,8.712488,100.0,202.53809,4.047043,SQUAT,1,528
1772469862089,MoveNet Lightning (INT8),Level 2: CPU (XNNPACK),57,8.712488,100.0,204.32715,4.047043,SQUAT,1,529
1772469862198,MoveNet Lightning (INT8),Level 2: CPU (XNNPACK),55,8.712488,100.0,197.8623,4.495816,SQUAT,1,530
1772469862305,MoveNet Lightning (INT8),Level 2: CPU (XNNPACK),55,8.712488,100.0,199.2998,4.495816,SQUAT,1,531
1772469862411,MoveNet Lightning (INT8),Level 2: CPU (XNNPACK),58,8.712488,100.0,200.74512,4.309838,SQUAT,1,532
1772469862518,MoveNet Lightning (INT8),Level 2: CPU (XNNPACK),58,8.712488,100.0,202.16699,4.309838,SQUAT,1,533
1772469862638,MoveNet Lightning (INT8),Level 2: CPU (XNNPACK),53,8.712488,100.0,203.84668,4.382612,SQUAT,1,534
1772469862746,MoveNet Lightning (INT8),Level 2: CPU (XNNPACK),56,8.944544,100.0,197.74512,4.382612,SQUAT,1,535
1772469862850,MoveNet Lightning (INT8),Level 2: CPU (XNNPACK),51,8.944544,100.0,199.16309,4.382612,SQUAT,1,536
1772469862970,MoveNet Lightning (INT8),Level 2: CPU (XNNPACK),62,8.944544,100.0,200.67871,4.455386,SQUAT,1,537
1772469863076,MoveNet Lightning (INT8),Level 2: CPU (XNNPACK),50,8.944544,100.0,202.05371,4.455386,SQUAT,1,538
1772469863187,MoveNet Lightning (INT8),Level 2: CPU (XNNPACK),62,8.944544,100.0,203.62793,5.01332,SQUAT,1,539
1772469863310,MoveNet Lightning (INT8),Level 2: CPU (XNNPACK),54,8.944544,100.0,205.30762,5.01332,SQUAT,1,540
1772469863421,MoveNet Lightning (INT8),Level 2: CPU (XNNPACK),63,8.944544,100.0,197.63574,4.613063,SQUAT,1,541
1772469863531,MoveNet Lightning (INT8),Level 2: CPU (XNNPACK),60,8.944544,100.0,199.03809,4.613063,SQUAT,1,542
1772469863647,MoveNet Lightning (INT8),Level 2: CPU (XNNPACK),60,8.944544,100.0,200.58496,4.119817,SQUAT,1,543
1772469863750,MoveNet Lightning (INT8),Level 2: CPU (XNNPACK),52,8.964144,100.0,201.95996,4.119817,SQUAT,1,544
1772469863879,MoveNet Lightning (INT8),Level 2: CPU (XNNPACK),65,8.964144,100.0,195.21777,3.897452,SQUAT,1,545
1772469863982,MoveNet Lightning (INT8),Level 2: CPU (XNNPACK),53,8.964144,100.0,198.37012,3.897452,SQUAT,1,546
1772469864108,MoveNet Lightning (INT8),Level 2: CPU (XNNPACK),66,8.964144,100.0,199.82715,3.897452,SQUAT,1,547
1772469864206,MoveNet Lightning (INT8),Level 2: CPU (XNNPACK),52,8.964144,100.0,201.39355,3.889366,SQUAT,1,548
1772469864259,MoveNet Lightning (INT8),Level 2: CPU (XNNPACK),49,8.964144,100.0,201.39355,3.889366,SQUAT,1,549
1772469864373,MoveNet Lightning (INT8),Level 2: CPU (XNNPACK),61,8.964144,100.0,198.75293,4.613063,SQUAT,1,550
1772469864487,MoveNet Lightning (INT8),Level 2: CPU (XNNPACK),64,8.964144,100.0,197.97168,4.613063,SQUAT,1,551
1772469864590,MoveNet Lightning (INT8),Level 2: CPU (XNNPACK),53,8.964144,100.0,199.44824,4.613063,SQUAT,1,552
1772469864643,MoveNet Lightning (INT8),Level 2: CPU (XNNPACK),51,8.964144,100.0,199.44824,4.613063,SQUAT,1,553
1772469864758,MoveNet Lightning (INT8),Level 2: CPU (XNNPACK),57,9.97009,100.0,202.2959,4.560504,SQUAT,1,554
1772469864891,MoveNet Lightning (INT8),Level 2: CPU (XNNPACK),82,9.97009,100.0,197.28027,4.459429,SQUAT,1,555
1772469864999,MoveNet Lightning (INT8),Level 2: CPU (XNNPACK),57,9.97009,100.0,198.60059,4.459429,SQUAT,1,556
1772469865106,MoveNet Lightning (INT8),Level 2: CPU (XNNPACK),58,9.97009,100.0,200.0459,4.459429,SQUAT,1,557
1772469865159,MoveNet Lightning (INT8),Level 2: CPU (XNNPACK),48,9.97009,100.0,200.0459,4.459429,SQUAT,1,558
1772469865274,MoveNet Lightning (INT8),Level 2: CPU (XNNPACK),66,9.97009,100.0,202.95215,3.990441,SQUAT,1,559
1772469865384,MoveNet Lightning (INT8),Level 2: CPU (XNNPACK),51,9.97009,100.0,204.6084,4.119817,SQUAT,1,560
1772469865489,MoveNet Lightning (INT8),Level 2: CPU (XNNPACK),49,9.97009,100.0,197.7998,4.119817,SQUAT,1,561
1772469865587,MoveNet Lightning (INT8),Level 2: CPU (XNNPACK),49,9.97009,100.0,199.24512,4.119817,SQUAT,1,562
1772469865696,MoveNet Lightning (INT8),Level 2: CPU (XNNPACK),57,9.97009,100.0,200.7373,4.710095,SQUAT,1,563
1772469865805,MoveNet Lightning (INT8),Level 2: CPU (XNNPACK),54,9.532888,100.0,202.21777,4.710095,SQUAT,1,564
1772469865927,MoveNet Lightning (INT8),Level 2: CPU (XNNPACK),56,9.532888,100.0,203.90918,4.172376,SQUAT,1,565
1772469866059,MoveNet Lightning (INT8),Level 2: CPU (XNNPACK),75,9.532888,100.0,198.03027,4.172376,SQUAT,1,566
1772469866206,MoveNet Lightning (INT8),Level 2: CPU (XNNPACK),77,9.532888,100.0,199.45996,3.816592,SQUAT,1,567
1772469866338,MoveNet Lightning (INT8),Level 2: CPU (XNNPACK),80,9.532888,100.0,200.88574,3.816592,SQUAT,1,568
1772469866490,MoveNet Lightning (INT8),Level 2: CPU (XNNPACK),71,9.532888,100.0,202.32324,3.816592,SQUAT,1,569
1772469866688,MoveNet Lightning (INT8),Level 2: CPU (XNNPACK),117,9.532888,100.0,194.37793,4.993105,SQUAT,1,570
1772469866861,MoveNet Lightning (INT8),Level 2: CPU (XNNPACK),128,6.57277,100.0,197.85059,3.319303,SQUAT,1,571
1772469866969,MoveNet Lightning (INT8),Level 2: CPU (XNNPACK),61,6.57277,100.0,199.33105,3.319303,SQUAT,1,572
1772469867072,MoveNet Lightning (INT8),Level 2: CPU (XNNPACK),54,6.57277,100.0,200.76465,3.319303,SQUAT,1,573
1772469867178,MoveNet Lightning (INT8),Level 2: CPU (XNNPACK),53,6.57277,100.0,202.22168,5.009277,SQUAT,1,574
1772469867292,MoveNet Lightning (INT8),Level 2: CPU (XNNPACK),54,6.57277,100.0,203.83887,5.009277,SQUAT,1,575
1772469867428,MoveNet Lightning (INT8),Level 2: CPU (XNNPACK),54,6.57277,100.0,198.21777,5.279756,SQUAT,1,576
1772469867569,MoveNet Lightning (INT8),Level 2: CPU (XNNPACK),85,6.57277,100.0,199.7207,5.279756,SQUAT,1,577
1772469867694,MoveNet Lightning (INT8),Level 2: CPU (XNNPACK),60,6.57277,100.0,201.19043,4.643592,SQUAT,1,578
1772469867798,MoveNet Lightning (INT8),Level 2: CPU (XNNPACK),54,6.57277,100.0,202.66113,4.643592,SQUAT,1,579
1772469867916,MoveNet Lightning (INT8),Level 2: CPU (XNNPACK),60,8.637236,100.0,204.36621,5.251392,SQUAT,1,580
1772469868030,MoveNet Lightning (INT8),Level 2: CPU (XNNPACK),59,8.637236,100.0,197.81934,5.251392,SQUAT,1,581
1772469868139,MoveNet Lightning (INT8),Level 2: CPU (XNNPACK),57,8.637236,100.0,199.31934,4.805672,SQUAT,1,582
1772469868243,MoveNet Lightning (INT8),Level 2: CPU (XNNPACK),55,8.637236,100.0,200.78418,4.805672,SQUAT,1,583
1772469868296,MoveNet Lightning (INT8),Level 2: CPU (XNNPACK),49,8.637236,100.0,200.78418,4.805672,SQUAT,1,584
1772469868415,MoveNet Lightning (INT8),Level 2: CPU (XNNPACK),64,8.637236,100.0,204.45996,4.489616,SQUAT,1,585
1772469868515,MoveNet Lightning (INT8),Level 2: CPU (XNNPACK),50,8.637236,100.0,197.8623,4.489616,SQUAT,1,586
1772469868626,MoveNet Lightning (INT8),Level 2: CPU (XNNPACK),57,8.637236,100.0,199.2959,4.331588,SQUAT,1,587
1772469868730,MoveNet Lightning (INT8),Level 2: CPU (XNNPACK),53,8.637236,100.0,200.65918,4.331588,SQUAT,1,588
1772469868860,MoveNet Lightning (INT8),Level 2: CPU (XNNPACK),70,8.637236,100.0,202.20996,4.331588,SQUAT,1,589
1772469868990,MoveNet Lightning (INT8),Level 2: CPU (XNNPACK),59,9.425071,100.0,203.90918,4.3559,SQUAT,1,590
1772469869096,MoveNet Lightning (INT8),Level 2: CPU (XNNPACK),51,9.425071,100.0,197.89746,4.3559,SQUAT,1,591
1772469869202,MoveNet Lightning (INT8),Level 2: CPU (XNNPACK),51,9.425071,100.0,199.40527,4.1533,SQUAT,1,592
1772469869306,MoveNet Lightning (INT8),Level 2: CPU (XNNPACK),52,9.425071,100.0,200.85059,4.1533,SQUAT,1,593
1772469869412,MoveNet Lightning (INT8),Level 2: CPU (XNNPACK),52,9.425071,100.0,202.37793,4.445044,SQUAT,1,594
1772469869522,MoveNet Lightning (INT8),Level 2: CPU (XNNPACK),54,9.425071,100.0,204.05762,4.445044,SQUAT,1,595
1772469869637,MoveNet Lightning (INT8),Level 2: CPU (XNNPACK),64,9.425071,100.0,198.38184,4.116832,SQUAT,1,596
1772469869741,MoveNet Lightning (INT8),Level 2: CPU (XNNPACK),54,9.425071,100.0,199.74512,4.116832,SQUAT,1,597
1772469869867,MoveNet Lightning (INT8),Level 2: CPU (XNNPACK),77,9.425071,100.0,201.27246,4.453148,SQUAT,1,598
1772469869980,MoveNet Lightning (INT8),Level 2: CPU (XNNPACK),62,8.910892,100.0,202.70605,4.453148,SQUAT,2,599
1772469870089,MoveNet Lightning (INT8),Level 2: CPU (XNNPACK),54,8.910892,100.0,204.28418,4.453148,SQUAT,2,600
1772469870234,MoveNet Lightning (INT8),Level 2: CPU (XNNPACK),75,8.910892,100.0,197.96387,3.715684,SQUAT,2,601
1772469870355,MoveNet Lightning (INT8),Level 2: CPU (XNNPACK),67,8.910892,100.0,199.33105,3.715684,SQUAT,2,602
1772469870468,MoveNet Lightning (INT8),Level 2: CPU (XNNPACK),60,8.910892,100.0,200.7959,4.060104,SQUAT,2,603
1772469870574,MoveNet Lightning (INT8),Level 2: CPU (XNNPACK),53,8.910892,100.0,202.21777,4.060104,SQUAT,2,604
1772469870680,MoveNet Lightning (INT8),Level 2: CPU (XNNPACK),56,8.910892,100.0,203.66699,4.651696,SQUAT,2,605
1772469870784,MoveNet Lightning (INT8),Level 2: CPU (XNNPACK),50,8.910892,100.0,205.14355,4.651696,SQUAT,2,606
1772469870907,MoveNet Lightning (INT8),Level 2: CPU (XNNPACK),66,8.910892,100.0,196.94434,4.485564,SQUAT,2,607
1772469871014,MoveNet Lightning (INT8),Level 2: CPU (XNNPACK),51,8.729389,100.0,198.60449,4.485564,SQUAT,2,608
1772469871119,MoveNet Lightning (INT8),Level 2: CPU (XNNPACK),50,8.729389,100.0,200.05762,3.922336,SQUAT,2,609
1772469871228,MoveNet Lightning (INT8),Level 2: CPU (XNNPACK),55,8.729389,100.0,201.49902,3.922336,SQUAT,2,610
1772469871332,MoveNet Lightning (INT8),Level 2: CPU (XNNPACK),53,8.729389,100.0,202.92871,3.922336,SQUAT,2,611
1772469871457,MoveNet Lightning (INT8),Level 2: CPU (XNNPACK),70,8.729389,100.0,196.33496,5.271652,SQUAT,2,612
1772469871569,MoveNet Lightning (INT8),Level 2: CPU (XNNPACK),61,8.729389,100.0,198.52637,5.271652,SQUAT,2,613
1772469871687,MoveNet Lightning (INT8),Level 2: CPU (XNNPACK),61,8.729389,100.0,199.99121,4.137092,SQUAT,2,614
1772469871795,MoveNet Lightning (INT8),Level 2: CPU (XNNPACK),55,8.729389,100.0,201.3584,4.137092,SQUAT,2,615
1772469871919,MoveNet Lightning (INT8),Level 2: CPU (XNNPACK),69,8.729389,100.0,202.83105,5.636332,SQUAT,2,616
1772469872036,MoveNet Lightning (INT8),Level 2: CPU (XNNPACK),67,8.77193,100.0,204.2959,5.636332,SQUAT,2,617
1772469872163,MoveNet Lightning (INT8),Level 2: CPU (XNNPACK),69,8.77193,100.0,205.95605,4.291068,SQUAT,2,618
1772469872275,MoveNet Lightning (INT8),Level 2: CPU (XNNPACK),59,8.77193,100.0,198.53418,4.291068,SQUAT,2,619
1772469872388,MoveNet Lightning (INT8),Level 2: CPU (XNNPACK),56,8.77193,100.0,199.9834,4.218132,SQUAT,2,620
1772469872490,MoveNet Lightning (INT8),Level 2: CPU (XNNPACK),50,8.77193,100.0,201.40527,4.218132,SQUAT,2,621
1772469872595,MoveNet Lightning (INT8),Level 2: CPU (XNNPACK),50,8.77193,100.0,202.89746,4.218132,SQUAT,2,622
1772469872716,MoveNet Lightning (INT8),Level 2: CPU (XNNPACK),51,8.77193,100.0,204.51855,3.618436,SQUAT,2,623
1772469872829,MoveNet Lightning (INT8),Level 2: CPU (XNNPACK),57,8.77193,100.0,197.95215,3.618436,SQUAT,2,624
1772469872929,MoveNet Lightning (INT8),Level 2: CPU (XNNPACK),51,8.77193,100.0,199.37793,4.023636,SQUAT,2,625
1772469873035,MoveNet Lightning (INT8),Level 2: CPU (XNNPACK),56,9.0,100.0,200.78418,4.023636,SQUAT,2,626
1772469873137,MoveNet Lightning (INT8),Level 2: CPU (XNNPACK),53,9.0,100.0,202.2373,4.765152,SQUAT,2,627
1772469873264,MoveNet Lightning (INT8),Level 2: CPU (XNNPACK),56,9.0,100.0,203.81934,4.765152,SQUAT,2,628
1772469873374,MoveNet Lightning (INT8),Level 2: CPU (XNNPACK),53,9.0,100.0,197.82324,4.813776,SQUAT,2,629
1772469873485,MoveNet Lightning (INT8),Level 2: CPU (XNNPACK),55,9.0,100.0,199.29199,4.813776,SQUAT,2,630
1772469873602,MoveNet Lightning (INT8),Level 2: CPU (XNNPACK),63,9.0,100.0,200.75684,4.813776,SQUAT,2,631
1772469873703,MoveNet Lightning (INT8),Level 2: CPU (XNNPACK),51,9.0,100.0,202.21777,3.93044,SQUAT,2,632
1772469873819,MoveNet Lightning (INT8),Level 2: CPU (XNNPACK),52,9.0,100.0,203.80371,3.93044,SQUAT,2,633
1772469873928,MoveNet Lightning (INT8),Level 2: CPU (XNNPACK),59,9.0,100.0,198.00684,5.02448,SQUAT,2,634
1772469874050,MoveNet Lightning (INT8),Level 2: CPU (XNNPACK),71,8.884501,100.0,199.45215,5.02448,SQUAT,2,635
1772469874153,MoveNet Lightning (INT8),Level 2: CPU (XNNPACK),51,8.884501,100.0,200.87402,4.388316,SQUAT,2,636
1772469874265,MoveNet Lightning (INT8),Level 2: CPU (XNNPACK),61,8.884501,100.0,202.33887,4.388316,SQUAT,2,637
1772469874385,MoveNet Lightning (INT8),Level 2: CPU (XNNPACK),52,8.884501,100.0,203.90527,4.449096,SQUAT,2,638
1772469874497,MoveNet Lightning (INT8),Level 2: CPU (XNNPACK),53,8.884501,100.0,197.86621,4.449096,SQUAT,2,639
1772469874606,MoveNet Lightning (INT8),Level 2: CPU (XNNPACK),52,8.884501,100.0,199.28027,5.154144,SQUAT,2,640
1772469874723,MoveNet Lightning (INT8),Level 2: CPU (XNNPACK),65,8.884501,100.0,200.86621,5.154144,SQUAT,2,641
1772469874841,MoveNet Lightning (INT8),Level 2: CPU (XNNPACK),58,8.884501,100.0,202.24902,5.154144,SQUAT,2,642
1772469874962,MoveNet Lightning (INT8),Level 2: CPU (XNNPACK),53,8.884501,100.0,203.81934,4.23434,SQUAT,2,643
1772469875103,MoveNet Lightning (INT8),Level 2: CPU (XNNPACK),53,8.814887,100.0,205.47559,4.23434,SQUAT,2,644
1772469875235,MoveNet Lightning (INT8),Level 2: CPU (XNNPACK),53,8.814887,100.0,197.83887,4.817828,SQUAT,2,645
1772469875355,MoveNet Lightning (INT8),Level 2: CPU (XNNPACK),64,8.814887,100.0,199.40137,4.412628,SQUAT,2,646
1772469875466,MoveNet Lightning (INT8),Level 2: CPU (XNNPACK),56,8.814887,100.0,200.90527,4.412628,SQUAT,2,647
1772469875586,MoveNet Lightning (INT8),Level 2: CPU (XNNPACK),59,8.814887,100.0,202.37012,4.412628,SQUAT,2,648
1772469875699,MoveNet Lightning (INT8),Level 2: CPU (XNNPACK),58,8.814887,100.0,203.95996,3.573864,SQUAT,2,649
1772469875802,MoveNet Lightning (INT8),Level 2: CPU (XNNPACK),48,8.814887,100.0,197.88965,3.573864,SQUAT,2,650
1772469875900,MoveNet Lightning (INT8),Level 2: CPU (XNNPACK),49,8.814887,100.0,199.35059,4.39642,SQUAT,2,651
1772469875961,MoveNet Lightning (INT8),Level 2: CPU (XNNPACK),49,8.814887,100.0,199.35059,4.39642,SQUAT,2,652
1772469876065,MoveNet Lightning (INT8),Level 2: CPU (XNNPACK),50,8.814887,100.0,202.26465,4.39642,SQUAT,2,653
1772469876168,MoveNet Lightning (INT8),Level 2: CPU (XNNPACK),50,9.132421,100.0,203.9209,3.926388,SQUAT,2,654
1772469876268,MoveNet Lightning (INT8),Level 2: CPU (XNNPACK),50,9.132421,100.0,197.94043,3.926388,SQUAT,2,655
1772469876367,MoveNet Lightning (INT8),Level 2: CPU (XNNPACK),50,9.132421,100.0,199.31543,3.209184,SQUAT,2,656
1772469876422,MoveNet Lightning (INT8),Level 2: CPU (XNNPACK),50,9.132421,100.0,199.31543,3.209184,SQUAT,2,657
1772469876537,MoveNet Lightning (INT8),Level 2: CPU (XNNPACK),60,9.132421,100.0,201.97168,3.209184,SQUAT,2,658
1772469876643,MoveNet Lightning (INT8),Level 2: CPU (XNNPACK),56,9.132421,100.0,203.40527,4.627384,SQUAT,2,659
1772469876747,MoveNet Lightning (INT8),Level 2: CPU (XNNPACK),51,9.132421,100.0,205.07324,4.627384,SQUAT,2,660
1772469876850,MoveNet Lightning (INT8),Level 2: CPU (XNNPACK),50,9.132421,100.0,198.24512,4.372108,SQUAT,2,661
1772469876948,MoveNet Lightning (INT8),Level 2: CPU (XNNPACK),51,9.132421,100.0,199.68652,4.307276,SQUAT,2,662
1772469877059,MoveNet Lightning (INT8),Level 2: CPU (XNNPACK),54,9.132421,100.0,201.08105,4.307276,SQUAT,2,663
1772469877160,MoveNet Lightning (INT8),Level 2: CPU (XNNPACK),51,9.132421,100.0,202.52637,5.048792,SQUAT,2,664
1772469877277,MoveNet Lightning (INT8),Level 2: CPU (XNNPACK),58,9.972801,100.0,204.27637,5.048792,SQUAT,2,665
1772469877379,MoveNet Lightning (INT8),Level 2: CPU (XNNPACK),51,9.972801,100.0,198.28027,4.992064,SQUAT,2,666
1772469877483,MoveNet Lightning (INT8),Level 2: CPU (XNNPACK),51,9.972801,100.0,199.74902,4.992064,SQUAT,2,667
1772469877605,MoveNet Lightning (INT8),Level 2: CPU (XNNPACK),57,9.972801,100.0,201.2959,4.992064,SQUAT,2,668
1772469877716,MoveNet Lightning (INT8),Level 2: CPU (XNNPACK),54,9.972801,100.0,202.76855,4.343744,SQUAT,2,669
1772469877837,MoveNet Lightning (INT8),Level 2: CPU (XNNPACK),62,9.972801,100.0,204.43262,4.343744,SQUAT,2,670
1772469877956,MoveNet Lightning (INT8),Level 2: CPU (XNNPACK),68,9.972801,100.0,198.33496,5.583656,SQUAT,2,671
1772469878069,MoveNet Lightning (INT8),Level 2: CPU (XNNPACK),59,9.972801,100.0,199.7998,5.583656,SQUAT,2,672
1772469878181,MoveNet Lightning (INT8),Level 2: CPU (XNNPACK),58,9.972801,100.0,201.26465,4.886712,SQUAT,3,673
1772469878292,MoveNet Lightning (INT8),Level 2: CPU (XNNPACK),59,8.797654,100.0,202.7373,4.886712,SQUAT,3,674
1772469878408,MoveNet Lightning (INT8),Level 2: CPU (XNNPACK),54,8.797654,100.0,204.35059,4.736788,SQUAT,3,675
1772469878516,MoveNet Lightning (INT8),Level 2: CPU (XNNPACK),50,8.797654,100.0,197.94043,4.736788,SQUAT,3,676
1772469878621,MoveNet Lightning (INT8),Level 2: CPU (XNNPACK),51,8.797654,100.0,199.45996,4.205976,SQUAT,3,677
1772469878740,MoveNet Lightning (INT8),Level 2: CPU (XNNPACK),67,8.797654,100.0,200.91699,4.205976,SQUAT,3,678
1772469878845,MoveNet Lightning (INT8),Level 2: CPU (XNNPACK),53,8.797654,100.0,202.34668,4.205976,SQUAT,3,679
1772469878956,MoveNet Lightning (INT8),Level 2: CPU (XNNPACK),54,8.797654,100.0,203.90527,4.258652,SQUAT,3,680
1772469879075,MoveNet Lightning (INT8),Level 2: CPU (XNNPACK),62,8.797654,100.0,198.06543,4.258652,SQUAT,3,681
1772469879187,MoveNet Lightning (INT8),Level 2: CPU (XNNPACK),60,8.797654,100.0,199.52246,4.064156,SQUAT,3,682
1772469879289,MoveNet Lightning (INT8),Level 2: CPU (XNNPACK),49,8.797654,100.0,200.97949,4.064156,SQUAT,3,683
1772469879392,MoveNet Lightning (INT8),Level 2: CPU (XNNPACK),50,9.099181,100.0,202.43262,4.736788,SQUAT,3,684
1772469879497,MoveNet Lightning (INT8),Level 2: CPU (XNNPACK),52,9.099181,100.0,203.90137,4.736788,SQUAT,3,685
1772469879623,MoveNet Lightning (INT8),Level 2: CPU (XNNPACK),67,9.099181,100.0,197.13965,4.611176,SQUAT,3,686
1772469879733,MoveNet Lightning (INT8),Level 2: CPU (XNNPACK),53,9.099181,100.0,198.50293,4.611176,SQUAT,3,687
1772469879849,MoveNet Lightning (INT8),Level 2: CPU (XNNPACK),61,9.099181,100.0,199.97559,4.400472,SQUAT,3,688
1772469879954,MoveNet Lightning (INT8),Level 2: CPU (XNNPACK),55,9.099181,100.0,201.35449,4.400472,SQUAT,3,689
1772469880057,MoveNet Lightning (INT8),Level 2: CPU (XNNPACK),52,9.099181,100.0,202.82715,4.400472,SQUAT,3,690
1772469880197,MoveNet Lightning (INT8),Level 2: CPU (XNNPACK),66,9.099181,100.0,204.51465,4.278912,SQUAT,3,691
1772469880319,MoveNet Lightning (INT8),Level 2: CPU (XNNPACK),63,9.099181,100.0,197.93652,4.278912,SQUAT,3,692
1772469880429,MoveNet Lightning (INT8),Level 2: CPU (XNNPACK),51,8.729389,100.0,199.33105,4.035792,SQUAT,3,693
1772469880537,MoveNet Lightning (INT8),Level 2: CPU (XNNPACK),54,8.729389,100.0,200.83496,4.035792,SQUAT,3,694
1772469880642,MoveNet Lightning (INT8),Level 2: CPU (XNNPACK),52,8.729389,100.0,202.26855,4.262704,SQUAT,3,695
1772469880767,MoveNet Lightning (INT8),Level 2: CPU (XNNPACK),58,8.729389,100.0,204.03027,4.262704,SQUAT,3,696
1772469880880,MoveNet Lightning (INT8),Level 2: CPU (XNNPACK),56,8.729389,100.0,198.41699,4.49772,SQUAT,3,697
1772469880989,MoveNet Lightning (INT8),Level 2: CPU (XNNPACK),56,8.729389,100.0,199.85059,4.49772,SQUAT,3,698
1772469881095,MoveNet Lightning (INT8),Level 2: CPU (XNNPACK),56,8.729389,100.0,201.22168,4.631436,SQUAT,3,699
1772469881208,MoveNet Lightning (INT8),Level 2: CPU (XNNPACK),61,8.729389,100.0,202.7373,4.631436,SQUAT,3,700
1772469881353,MoveNet Lightning (INT8),Level 2: CPU (XNNPACK),78,8.729389,100.0,204.35449,4.364004,SQUAT,3,701
1772469881459,MoveNet Lightning (INT8),Level 2: CPU (XNNPACK),54,8.678882,100.0,198.59668,4.364004,SQUAT,3,702
1772469881566,MoveNet Lightning (INT8),Level 2: CPU (XNNPACK),57,8.678882,100.0,200.05371,4.364004,SQUAT,3,703
1772469881682,MoveNet Lightning (INT8),Level 2: CPU (XNNPACK),54,8.678882,100.0,201.58887,5.056896,SQUAT,3,704
1772469881821,MoveNet Lightning (INT8),Level 2: CPU (XNNPACK),69,8.678882,100.0,203.07031,5.056896,SQUAT,3,705
1772469882042,MoveNet Lightning (INT8),Level 2: CPU (XNNPACK),117,8.678882,100.0,204.77734,4.708424,SQUAT,3,706
1772469882252,MoveNet Lightning (INT8),Level 2: CPU (XNNPACK),124,8.678882,100.0,197.98047,5.304068,SQUAT,3,707
1772469882456,MoveNet Lightning (INT8),Level 2: CPU (XNNPACK),127,8.678882,100.0,199.5039,4.323484,SQUAT,3,708
1772469882671,MoveNet Lightning (INT8),Level 2: CPU (XNNPACK),149,5.8381987,100.0,200.99219,4.550396,SQUAT,3,709
1772469882797,MoveNet Lightning (INT8),Level 2: CPU (XNNPACK),78,5.8381987,100.0,202.46875,4.550396,SQUAT,3,710
1772469882933,MoveNet Lightning (INT8),Level 2: CPU (XNNPACK),66,5.8381987,100.0,204.125,4.080364,SQUAT,3,711
1772469883048,MoveNet Lightning (INT8),Level 2: CPU (XNNPACK),64,5.8381987,100.0,198.14453,4.080364,SQUAT,3,712
1772469883150,MoveNet Lightning (INT8),Level 2: CPU (XNNPACK),50,5.8381987,100.0,199.57422,4.080364,SQUAT,3,713
1772469883256,MoveNet Lightning (INT8),Level 2: CPU (XNNPACK),56,5.8381987,100.0,201.03906,4.080364,SQUAT,3,714
1772469883357,MoveNet Lightning (INT8),Level 2: CPU (XNNPACK),53,5.8381987,100.0,202.47656,4.084416,SQUAT,3,715
1772469883412,MoveNet Lightning (INT8),Level 2: CPU (XNNPACK),50,5.8381987,100.0,202.47656,4.084416,SQUAT,3,716
1772469883557,MoveNet Lightning (INT8),Level 2: CPU (XNNPACK),50,5.8381987,100.0,197.9043,4.084416,SQUAT,3,717
1772469883676,MoveNet Lightning (INT8),Level 2: CPU (XNNPACK),69,8.823529,100.0,199.35352,3.938544,SQUAT,3,718
1772469883794,MoveNet Lightning (INT8),Level 2: CPU (XNNPACK),69,8.823529,100.0,200.83008,3.938544,SQUAT,3,719
1772469883913,MoveNet Lightning (INT8),Level 2: CPU (XNNPACK),58,8.823529,100.0,202.29102,5.474252,SQUAT,3,720
1772469884038,MoveNet Lightning (INT8),Level 2: CPU (XNNPACK),60,8.823529,100.0,203.98633,5.474252,SQUAT,3,721
1772469884162,MoveNet Lightning (INT8),Level 2: CPU (XNNPACK),71,8.823529,100.0,198.11523,4.651696,SQUAT,3,722
1772469884274,MoveNet Lightning (INT8),Level 2: CPU (XNNPACK),56,8.823529,100.0,199.57617,4.651696,SQUAT,3,723
1772469884383,MoveNet Lightning (INT8),Level 2: CPU (XNNPACK),59,8.823529,100.0,200.97461,4.894816,SQUAT,3,724
1772469884487,MoveNet Lightning (INT8),Level 2: CPU (XNNPACK),51,8.823529,100.0,202.43164,4.894816,SQUAT,3,725
1772469884619,MoveNet Lightning (INT8),Level 2: CPU (XNNPACK),76,8.823529,100.0,193.81836,4.627384,SQUAT,4,726
1772469884731,MoveNet Lightning (INT8),Level 2: CPU (XNNPACK),54,8.595988,100.0,197.96289,4.627384,SQUAT,4,727
1772469884860,MoveNet Lightning (INT8),Level 2: CPU (XNNPACK),65,8.595988,100.0,199.49023,4.878608,SQUAT,4,728
1772469884975,MoveNet Lightning (INT8),Level 2: CPU (XNNPACK),63,8.595988,100.0,200.93164,4.878608,SQUAT,4,729
1772469885090,MoveNet Lightning (INT8),Level 2: CPU (XNNPACK),51,8.595988,100.0,202.37305,4.878608,SQUAT,4,730
1772469885218,MoveNet Lightning (INT8),Level 2: CPU (XNNPACK),64,8.595988,100.0,203.4668,4.07226,SQUAT,4,731
1772469885326,MoveNet Lightning (INT8),Level 2: CPU (XNNPACK),52,8.595988,100.0,198.57227,4.07226,SQUAT,4,732
1772469885449,MoveNet Lightning (INT8),Level 2: CPU (XNNPACK),66,8.595988,100.0,200.04883,5.300016,SQUAT,4,733
1772469885556,MoveNet Lightning (INT8),Level 2: CPU (XNNPACK),57,8.595988,100.0,201.43945,5.300016,SQUAT,4,734
1772469885666,MoveNet Lightning (INT8),Level 2: CPU (XNNPACK),56,8.595988,100.0,202.99023,4.222184,SQUAT,4,735
1772469885785,MoveNet Lightning (INT8),Level 2: CPU (XNNPACK),66,8.498584,100.0,204.70508,4.222184,SQUAT,4,736
1772469885900,MoveNet Lightning (INT8),Level 2: CPU (XNNPACK),61,8.498584,100.0,198.01367,5.522876,SQUAT,4,737
1772469886006,MoveNet Lightning (INT8),Level 2: CPU (XNNPACK),57,8.498584,100.0,199.48242,5.522876,SQUAT,4,738
1772469886057,MoveNet Lightning (INT8),Level 2: CPU (XNNPACK),48,8.498584,100.0,199.48242,5.522876,SQUAT,4,739
1772469886203,MoveNet Lightning (INT8),Level 2: CPU (XNNPACK),98,8.498584,100.0,202.31836,6.041532,SQUAT,4,740
1772469886312,MoveNet Lightning (INT8),Level 2: CPU (XNNPACK),59,8.498584,100.0,205.10352,6.041532,SQUAT,4,741
1772469886415,MoveNet Lightning (INT8),Level 2: CPU (XNNPACK),57,8.498584,100.0,206.6543,3.954752,SQUAT,4,742
1772469886467,MoveNet Lightning (INT8),Level 2: CPU (XNNPACK),48,8.498584,100.0,206.6543,3.954752,SQUAT,4,743
1772469886564,MoveNet Lightning (INT8),Level 2: CPU (XNNPACK),49,8.498584,100.0,209.48633,3.954752,SQUAT,4,744
1772469886666,MoveNet Lightning (INT8),Level 2: CPU (XNNPACK),55,8.498584,100.0,210.91602,4.603072,SQUAT,4,745
1772469886718,MoveNet Lightning (INT8),Level 2: CPU (XNNPACK),49,8.498584,100.0,210.91602,4.603072,SQUAT,4,746
1772469886822,MoveNet Lightning (INT8),Level 2: CPU (XNNPACK),49,10.628019,100.0,213.95508,4.603072,SQUAT,4,747
1772469886922,MoveNet Lightning (INT8),Level 2: CPU (XNNPACK),48,10.628019,100.0,207.0332,3.902076,SQUAT,4,748
1772469887032,MoveNet Lightning (INT8),Level 2: CPU (XNNPACK),58,10.628019,100.0,208.51367,3.902076,SQUAT,4,749
1772469887132,MoveNet Lightning (INT8),Level 2: CPU (XNNPACK),53,10.628019,100.0,209.93555,4.9637,SQUAT,4,750
1772469887185,MoveNet Lightning (INT8),Level 2: CPU (XNNPACK),48,10.628019,100.0,209.93555,4.9637,SQUAT,4,751
1772469887294,MoveNet Lightning (INT8),Level 2: CPU (XNNPACK),57,10.628019,100.0,204.4082,4.9637,SQUAT,4,752
1772469887393,MoveNet Lightning (INT8),Level 2: CPU (XNNPACK),51,10.628019,100.0,206.67383,3.877764,SQUAT,4,753
1772469887449,MoveNet Lightning (INT8),Level 2: CPU (XNNPACK),53,10.628019,100.0,206.67383,3.877764,SQUAT,4,754
1772469887547,MoveNet Lightning (INT8),Level 2: CPU (XNNPACK),50,10.628019,100.0,210.44727,3.877764,SQUAT,4,755
1772469887600,MoveNet Lightning (INT8),Level 2: CPU (XNNPACK),49,10.628019,100.0,210.44727,3.877764,SQUAT,4,756
1772469887699,MoveNet Lightning (INT8),Level 2: CPU (XNNPACK),51,10.628019,100.0,213.13477,4.226236,SQUAT,4,757
1772469887821,MoveNet Lightning (INT8),Level 2: CPU (XNNPACK),70,10.989011,100.0,207.16992,4.226236,SQUAT,4,758
1772469887918,MoveNet Lightning (INT8),Level 2: CPU (XNNPACK),48,10.989011,100.0,208.29883,3.739996,SQUAT,4,759
1772469887969,MoveNet Lightning (INT8),Level 2: CPU (XNNPACK),48,10.989011,100.0,208.29883,3.739996,SQUAT,4,760
1772469888067,MoveNet Lightning (INT8),Level 2: CPU (XNNPACK),51,10.989011,100.0,211.9668,3.739996,SQUAT,4,761
1772469888117,MoveNet Lightning (INT8),Level 2: CPU (XNNPACK),47,10.989011,100.0,211.9668,3.739996,SQUAT,4,762
1772469888219,MoveNet Lightning (INT8),Level 2: CPU (XNNPACK),53,10.989011,100.0,214.61523,3.9507,SQUAT,4,763
1772469888339,MoveNet Lightning (INT8),Level 2: CPU (XNNPACK),58,10.989011,100.0,206.68164,4.643592,SQUAT,4,764
1772469888434,MoveNet Lightning (INT8),Level 2: CPU (XNNPACK),48,10.989011,100.0,209.4043,4.643592,SQUAT,4,765
1772469888484,MoveNet Lightning (INT8),Level 2: CPU (XNNPACK),48,10.989011,100.0,209.4043,4.643592,SQUAT,4,766
1772469888585,MoveNet Lightning (INT8),Level 2: CPU (XNNPACK),53,10.989011,100.0,211.98633,4.643592,SQUAT,4,767
1772469888640,MoveNet Lightning (INT8),Level 2: CPU (XNNPACK),52,10.989011,100.0,211.98633,4.643592,SQUAT,4,768
1772469888744,MoveNet Lightning (INT8),Level 2: CPU (XNNPACK),51,10.989011,100.0,214.80664,3.675164,SQUAT,4,769
1772469888801,MoveNet Lightning (INT8),Level 2: CPU (XNNPACK),54,11.661808,100.0,214.80664,3.675164,SQUAT,4,770
1772469888911,MoveNet Lightning (INT8),Level 2: CPU (XNNPACK),61,11.661808,100.0,209.11133,4.590916,SQUAT,4,771
1772469888964,MoveNet Lightning (INT8),Level 2: CPU (XNNPACK),50,11.661808,100.0,209.11133,4.590916,SQUAT,4,772
1772469889067,MoveNet Lightning (INT8),Level 2: CPU (XNNPACK),49,11.661808,100.0,212.0293,4.590916,SQUAT,4,773
1772469889160,MoveNet Lightning (INT8),Level 2: CPU (XNNPACK),48,11.661808,100.0,213.49414,3.318588,SQUAT,4,774
1772469889213,MoveNet Lightning (INT8),Level 2: CPU (XNNPACK),49,11.661808,100.0,213.49414,3.318588,SQUAT,4,775
1772469889313,MoveNet Lightning (INT8),Level 2: CPU (XNNPACK),51,11.661808,100.0,216.32227,3.318588,SQUAT,4,776
1772469889415,MoveNet Lightning (INT8),Level 2: CPU (XNNPACK),52,11.661808,100.0,217.95898,4.647644,SQUAT,4,777
1772469889512,MoveNet Lightning (INT8),Level 2: CPU (XNNPACK),49,11.661808,100.0,209.18555,4.647644,SQUAT,4,778
1772469889643,MoveNet Lightning (INT8),Level 2: CPU (XNNPACK),64,11.661808,100.0,210.69727,5.182508,SQUAT,4,779
1772469889755,MoveNet Lightning (INT8),Level 2: CPU (XNNPACK),52,11.661808,100.0,212.29883,5.182508,SQUAT,4,780
1772469890108,MoveNet Lightning (INT8),Level 2: CPU (XNNPACK),94,9.228188,100.0,214.86719,4.299172,SQUAT,4,781
1772469890305,MoveNet Lightning (INT8),Level 2: CPU (XNNPACK),120,9.228188,100.0,209.98633,4.299172,SQUAT,4,782
1772469890427,MoveNet Lightning (INT8),Level 2: CPU (XNNPACK),55,9.228188,100.0,214.13867,4.866452,SQUAT,4,783
